DESCRIPCION,NOMBRE_FACULTAD,NOMBRE_PROGRAMA,JORNADA,MODALIDAD,NOMBRE_SEDE,TIPO_IDEN_EST,LUG_EXPEDICION,LUGAR_NACIMIENTO,FECHA_NACIMIENTO,SEXO,ESTRATO,NOMBRE_ESTADO
PRIMER  SEMESTRE DE 2019,CIENCIAS,BIOLOGIA,DIURNO,PRESENCIAL,TUNJA,C,VILLAVICENCIO,VILLAVICENCIO,04/17/1997 12:00:00 AM,M,3,PERDIO CUPO A130/98 ART. 80 LIT. B
PRIMER  SEMESTRE DE 2019,CIENCIAS,BIOLOGIA,DIURNO,PRESENCIAL,TUNJA,C,SOGAMOSO,SOGAMOSO,12/17/1994 12:00:00 AM,M,1,PERDIO CUPO A130/98 ART. 80 LIT. C
PRIMER  SEMESTRE DE 2019,CIENCIAS,BIOLOGIA,DIURNO,PRESENCIAL,TUNJA,C,SOGAMOSO,SOGAMOSO,05/30/2000 12:00:00 AM,M,3,PERDIO CUPO A130/98 ART. 80 LIT. C
PRIMER  SEMESTRE DE 2019,CIENCIAS,BIOLOGIA,DIURNO,PRESENCIAL,TUNJA,C,TUNJA,PAMPLONA,12/04/1994 12:00:00 AM,M,3,PERDIO CUPO A130/98 ART.80 LIT. E
PRIMER  SEMESTRE DE 2019,CIENCIAS,FISICA,DIURNO,PRESENCIAL,TUNJA,T,SIMIJACA,SIMIJACA,01/06/2000 12:00:00 AM,F,2,PERDIO CUPO A130/98 ART. 80 LIT. B
PRIMER  SEMESTRE DE 2019,CIENCIAS,FISICA,DIURNO,PRESENCIAL,TUNJA,C,DUITAMA,DUITAMA,03/25/2000 12:00:00 AM,M,1,PERDIO CUPO A130/98 ART. 80 LIT. D
PRIMER  SEMESTRE DE 2019,CIENCIAS,FISICA,DIURNO,PRESENCIAL,TUNJA,C,CHIQUINQUIRÁ,CHIQUINQUIRÁ,07/10/1998 12:00:00 AM,M,3,PERDIO CUPO A130/98 ART. 80 LIT. B
PRIMER  SEMESTRE DE 2019,CIENCIAS,FISICA,DIURNO,PRESENCIAL,TUNJA,C,MONGUÍ,MONGUÍ,11/01/2000 12:00:00 AM,M,2,PERDIO CUPO A130/98 ART. 80 LIT. B
PRIMER  SEMESTRE DE 2019,CIENCIAS,MATEMATICAS,DIURNO,PRESENCIAL,TUNJA,C,DUITAMA,FUSAGASUGÁ,10/27/1999 12:00:00 AM,M,1,PERDIO CUPO A130/98 ART. 80 LIT. C
PRIMER  SEMESTRE DE 2019,CIENCIAS,MATEMATICAS,DIURNO,PRESENCIAL,TUNJA,C,PAIPA,PAIPA,03/17/1991 12:00:00 AM,F,2,PERDIO CUPO A130/98 ART. 80 LIT. D
PRIMER  SEMESTRE DE 2019,CIENCIAS,QUIMICA,DIURNO,PRESENCIAL,TUNJA,C,DUITAMA,SOGAMOSO,08/19/1997 12:00:00 AM,F,1,PERDIO CUPO A130/98 ART. 80 LIT. C
PRIMER  SEMESTRE DE 2019,CIENCIAS,QUIMICA,DIURNO,PRESENCIAL,TUNJA,C,TAME,TAME,07/05/1997 12:00:00 AM,M,2,PERDIO CUPO A130/98 ART.80 LIT. E
PRIMER  SEMESTRE DE 2019,CIENCIAS,QUIMICA,DIURNO,PRESENCIAL,TUNJA,C,TUNJA,NUEVO COLÓN,03/30/1993 12:00:00 AM,M,2,PERDIO CUPO A130/98 ART. 80 LIT. D
PRIMER  SEMESTRE DE 2019,CIENCIAS,QUIMICA,DIURNO,PRESENCIAL,TUNJA,C,BOAVITA,BOAVITA,06/07/1993 12:00:00 AM,M,2,PERDIO CUPO A130/98 ART. 80 LIT. B
PRIMER  SEMESTRE DE 2019,CIENCIAS AGROPECUARIAS,INGENIERIA AGRONOMICA,DIURNO,PRESENCIAL,TUNJA,C,PAIPA,BOGOTA D.E,02/23/1998 12:00:00 AM,F,2,PERDIO CUPO A130/98 ART.80 LIT. E
PRIMER  SEMESTRE DE 2019,CIENCIAS AGROPECUARIAS,INGENIERIA AGRONOMICA,DIURNO,PRESENCIAL,TUNJA,C,TRINIDAD,TRINIDAD,04/26/1999 12:00:00 AM,M,2,PERDIO CUPO A130/98 ART. 80 LIT. C
PRIMER  SEMESTRE DE 2019,CIENCIAS AGROPECUARIAS,INGENIERIA AGRONOMICA,DIURNO,PRESENCIAL,TUNJA,C,PAIPA,BOGOTA D.E,04/08/1997 12:00:00 AM,M,2,PERDIO CUPO A130/98 ART. 80 LIT. C
PRIMER  SEMESTRE DE 2019,CIENCIAS AGROPECUARIAS,INGENIERIA AGRONOMICA,DIURNO,PRESENCIAL,TUNJA,C,SOGAMOSO,SOGAMOSO,04/15/1999 12:00:00 AM,M,1,PERDIO CUPO A130/98 ART. 80 LIT. C
PRIMER  SEMESTRE DE 2019,CIENCIAS AGROPECUARIAS,INGENIERIA AGRONOMICA,DIURNO,PRESENCIAL,TUNJA,C,CHITARAQUE,MONIQUIRÁ,10/02/2000 12:00:00 AM,M,1,PERDIO CUPO A130/98 ART. 80 LIT. C
PRIMER  SEMESTRE DE 2019,CIENCIAS AGROPECUARIAS,INGENIERIA AGRONOMICA,DIURNO,PRESENCIAL,TUNJA,C,CHIQUINQUIRÁ,CHIQUINQUIRÁ,10/17/1995 12:00:00 AM,M,3,PERDIO CUPO A130/98 ART. 80 LIT. B
PRIMER  SEMESTRE DE 2019,CIENCIAS AGROPECUARIAS,INGENIERIA AGRONOMICA,DIURNO,PRESENCIAL,TUNJA,C,DUITAMA,PAIPA,08/03/1994 12:00:00 AM,F,2,PERDIO CUPO A130/98 ART.80 LIT. E
PRIMER  SEMESTRE DE 2019,CIENCIAS AGROPECUARIAS,INGENIERIA AGRONOMICA,DIURNO,PRESENCIAL,TUNJA,C,TUNJA,TUNJA,02/14/1995 12:00:00 AM,M,1,PERDIO CUPO A130/98 ART.80 LIT. E
PRIMER  SEMESTRE DE 2019,CIENCIAS AGROPECUARIAS,MAESTRIA EN DESARROLLO RURAL,OTRO,PRESENCIAL,TUNJA,C,TURMEQUÉ,NUEVO COLÓN,02/18/1990 12:00:00 AM,M,,PERDIO CUPO A 052/2012  ART 15 LIT.B.
PRIMER  SEMESTRE DE 2019,CIENCIAS AGROPECUARIAS,MAESTRIA EN DESARROLLO RURAL,OTRO,PRESENCIAL,TUNJA,C,BOGOTÁ D.C.,BOGOTÁ D.C.,01/28/1992 12:00:00 AM,M,,PERDIO CUPO A 052/2012  ART 15 LIT.A.
PRIMER  SEMESTRE DE 2019,CIENCIAS AGROPECUARIAS,MEDICINA VETERINARIA Y ZOOTECNIA,DIURNO,PRESENCIAL,TUNJA,C,TUNJA,TUNJA,07/30/1998 12:00:00 AM,F,2,PERDIO CUPO A130/98 ART.80 LIT. E
PRIMER  SEMESTRE DE 2019,CIENCIAS AGROPECUARIAS,MEDICINA VETERINARIA Y ZOOTECNIA,DIURNO,PRESENCIAL,TUNJA,T,SOGAMOSO,BOGOTÁ D.C.,10/23/2000 12:00:00 AM,M,2,PERDIO CUPO A130/98 ART. 80 LIT. D
PRIMER  SEMESTRE DE 2019,CIENCIAS AGROPECUARIAS,MEDICINA VETERINARIA Y ZOOTECNIA,DIURNO,PRESENCIAL,TUNJA,C,RESTREPO,VILLAVICENCIO,05/24/1998 12:00:00 AM,F,2,PERDIO CUPO A130/98 ART. 80 LIT. C
PRIMER  SEMESTRE DE 2019,CIENCIAS AGROPECUARIAS,MEDICINA VETERINARIA Y ZOOTECNIA,DIURNO,PRESENCIAL,TUNJA,T,BOGOTÁ D.C.,BOGOTÁ D.C.,01/16/2001 12:00:00 AM,M,3,PERDIO CUPO A130/98 ART. 80 LIT. C
PRIMER  SEMESTRE DE 2019,CIENCIAS AGROPECUARIAS,MEDICINA VETERINARIA Y ZOOTECNIA,DIURNO,PRESENCIAL,TUNJA,C,TUNJA,TUNJA,12/15/1996 12:00:00 AM,M,2,PERDIO CUPO A130/98 ART. 80 LIT. D
PRIMER  SEMESTRE DE 2019,CIENCIAS AGROPECUARIAS,MEDICINA VETERINARIA Y ZOOTECNIA,DIURNO,PRESENCIAL,TUNJA,C,SOGAMOSO,SOGAMOSO,10/20/1995 12:00:00 AM,M,2,PERDIO CUPO A130/98 ART. 80 LIT. B
PRIMER  SEMESTRE DE 2019,CIENCIAS AGROPECUARIAS,MEDICINA VETERINARIA Y ZOOTECNIA,DIURNO,PRESENCIAL,TUNJA,C,TUNJA,TUNJA,03/31/1997 12:00:00 AM,M,2,PERDIO CUPO A130/98 ART. 80 LIT. B
PRIMER  SEMESTRE DE 2019,CIENCIAS DE LA EDUCACION,DOCTORADO EN LENGUAJE Y CULTURA,DIURNO,PRESENCIAL,TUNJA,C,BOGOTÁ D.C.,BOGOTÁ D.C.,11/28/1980 12:00:00 AM,M,,PERDIO CUPO A130/98 ART. 80 LIT. B
PRIMER  SEMESTRE DE 2019,CIENCIAS DE LA EDUCACION,ESPECIALIZACION EN ARCHIVISTICA,OTRO,PRESENCIAL,TUNJA,C,BOGOTÁ D.C.,PAIPA,02/19/1966 12:00:00 AM,F,,PERDIO CUPO A 052/2012  ART 15 LIT.A.
PRIMER  SEMESTRE DE 2019,CIENCIAS DE LA EDUCACION,ESPECIALIZACION EN GERENCIA EDUCACIONAL,OTRO,PRESENCIAL,TUNJA,C,TUNJA,BOGOTA D.E,09/28/1993 12:00:00 AM,M,,PERDIO CUPO A 052/2012  ART 15 LIT.A.
PRIMER  SEMESTRE DE 2019,CIENCIAS DE LA EDUCACION,LIC. EN PSICOPEDAGOGIA ENFASIS ASESORIA EDUCATIVA,DIURNO,PRESENCIAL,TUNJA,C,OROCUÉ,OROCUÉ,01/06/1997 12:00:00 AM,M,1,PERDIO CUPO A130/98 ART.80 LIT. E
PRIMER  SEMESTRE DE 2019,CIENCIAS DE LA EDUCACION,LIC. EN PSICOPEDAGOGIA ENFASIS ASESORIA EDUCATIVA,DIURNO,PRESENCIAL,TUNJA,C,TUNJA,TUNJA,06/18/2000 12:00:00 AM,M,2,PERDIO CUPO A130/98 ART.80 LIT. E
PRIMER  SEMESTRE DE 2019,CIENCIAS DE LA EDUCACION,LIC. EN PSICOPEDAGOGIA ENFASIS ASESORIA EDUCATIVA,DIURNO,PRESENCIAL,TUNJA,C,BOGOTÁ D.C.,CHITARAQUE,01/28/1998 12:00:00 AM,M,4,PERDIO CUPO A130/98 ART. 80 LIT. C
PRIMER  SEMESTRE DE 2019,CIENCIAS DE LA EDUCACION,LIC. EN PSICOPEDAGOGIA ENFASIS ASESORIA EDUCATIVA,DIURNO,PRESENCIAL,TUNJA,C,TUNJA,TUNJA,02/18/1994 12:00:00 AM,M,2,PERDIO CUPO A130/98 ART. 80 LIT. B
PRIMER  SEMESTRE DE 2019,CIENCIAS DE LA EDUCACION,LICENCIATURA  EN CIENCIAS NATURALES Y EDUCACION AMBIENTAL,DIURNO,PRESENCIAL,TUNJA,C,TUNJA,TUNJA,11/16/2000 12:00:00 AM,M,3,PERDIO CUPO A130/98 ART. 80 LIT. B
PRIMER  SEMESTRE DE 2019,CIENCIAS DE LA EDUCACION,LICENCIATURA  EN CIENCIAS NATURALES Y EDUCACION AMBIENTAL,DIURNO,PRESENCIAL,TUNJA,C,TUNJA,TUNJA,08/19/1995 12:00:00 AM,M,1,PERDIO CUPO A130/98 ART. 80 LIT. B
PRIMER  SEMESTRE DE 2019,CIENCIAS DE LA EDUCACION,LICENCIATURA  EN CIENCIAS NATURALES Y EDUCACION AMBIENTAL,DIURNO,PRESENCIAL,TUNJA,C,MOSQUERA,TUNJA,05/20/1998 12:00:00 AM,F,2,PERDIO CUPO A130/98 ART. 80 LIT. C
PRIMER  SEMESTRE DE 2019,CIENCIAS DE LA EDUCACION,LICENCIATURA  EN CIENCIAS NATURALES Y EDUCACION AMBIENTAL,DIURNO,PRESENCIAL,TUNJA,C,VILLANUEVA,BOGOTA D.E,04/01/1999 12:00:00 AM,M,2,PERDIO CUPO A130/98 ART. 80 LIT. C
PRIMER  SEMESTRE DE 2019,CIENCIAS DE LA EDUCACION,LICENCIATURA EN ARTES PLASTICAS,DIURNO,PRESENCIAL,TUNJA,C,CALI,BOGOTA D.E,03/05/1993 12:00:00 AM,M,2,PERDIO CUPO A130/98 ART. 80 LIT. A
PRIMER  SEMESTRE DE 2019,CIENCIAS DE LA EDUCACION,LICENCIATURA EN ARTES PLASTICAS,DIURNO,PRESENCIAL,TUNJA,C,TUNJA,TUNJA,01/09/1993 12:00:00 AM,M,2,PERDIO CUPO A130/98 ART.80 LIT. E
PRIMER  SEMESTRE DE 2019,CIENCIAS DE LA EDUCACION,LICENCIATURA EN CIENCIAS SOCIALES,DIURNO,PRESENCIAL,TUNJA,C,DUITAMA,DUITAMA,01/07/1999 12:00:00 AM,M,2,PERDIO CUPO A130/98 ART. 80 LIT. C
PRIMER  SEMESTRE DE 2019,CIENCIAS DE LA EDUCACION,"LICENCIATURA EN EDUCACION BASICA CON ENFASIS EN MATEMATICAS, HUMANIDADES Y LENGUA CASTELLANA",OTRO,DISTANCIA,GACHETA,C,GACHETÁ,GACHETÁ,03/28/1997 12:00:00 AM,F,,PERDIO CUPO A130/98 ART.80 LIT. E
PRIMER  SEMESTRE DE 2019,CIENCIAS DE LA EDUCACION,"LICENCIATURA EN EDUCACION BASICA CON ENFASIS EN MATEMATICAS, HUMANIDADES Y LENGUA CASTELLANA",OTRO,DISTANCIA,TUNJA,C,PAIPA,PAIPA,05/21/1992 12:00:00 AM,F,,PERDIO CUPO A130/98 ART.80 LIT. E
PRIMER  SEMESTRE DE 2019,CIENCIAS DE LA EDUCACION,"LICENCIATURA EN EDUCACION BASICA CON ENFASIS EN MATEMATICAS, HUMANIDADES Y LENGUA CASTELLANA",OTRO,DISTANCIA,GACHETA,C,GACHETÁ,GACHETÁ,12/05/1996 12:00:00 AM,F,,PERDIO CUPO A130/98 ART.80 LIT. E
PRIMER  SEMESTRE DE 2019,CIENCIAS DE LA EDUCACION,"LICENCIATURA EN EDUCACION BASICA CON ENFASIS EN MATEMATICAS, HUMANIDADES Y LENGUA CASTELLANA",OTRO,DISTANCIA,CHIQUINQUIRA,C,FLORIÁN,FLORIÁN,03/12/1993 12:00:00 AM,F,,PERDIO CUPO A130/98 ART. 80 LIT. D
PRIMER  SEMESTRE DE 2019,CIENCIAS DE LA EDUCACION,"LICENCIATURA EN EDUCACION BASICA CON ENFASIS EN MATEMATICAS, HUMANIDADES Y LENGUA CASTELLANA",OTRO,DISTANCIA,GACHETA,C,GACHETÁ,GACHETÁ,09/12/1990 12:00:00 AM,F,,PERDIO CUPO A130/98 ART.80 LIT. E
PRIMER  SEMESTRE DE 2019,CIENCIAS DE LA EDUCACION,"LICENCIATURA EN EDUCACION BASICA CON ENFASIS EN MATEMATICAS, HUMANIDADES Y LENGUA CASTELLANA",OTRO,DISTANCIA,CHIQUINQUIRA,T,CHIQUINQUIRÁ,CHIQUINQUIRÁ,06/20/1996 12:00:00 AM,M,,PERDIO CUPO A130/98 ART.80 LIT. E
PRIMER  SEMESTRE DE 2019,CIENCIAS DE LA EDUCACION,"LICENCIATURA EN EDUCACION BASICA CON ENFASIS EN MATEMATICAS, HUMANIDADES Y LENGUA CASTELLANA",OTRO,DISTANCIA,DUITAMA,C,PAIPA,DUITAMA,01/02/1992 12:00:00 AM,F,,PERDIO CUPO A130/98 ART.80 LIT. E
PRIMER  SEMESTRE DE 2019,CIENCIAS DE LA EDUCACION,"LICENCIATURA EN EDUCACION BASICA CON ENFASIS EN MATEMATICAS, HUMANIDADES Y LENGUA CASTELLANA",OTRO,DISTANCIA,CHIQUINQUIRA,C,SABOYÁ,BOGOTA D.E,01/12/1989 12:00:00 AM,F,,PERDIO CUPO A130/98 ART.80 LIT. E
PRIMER  SEMESTRE DE 2019,CIENCIAS DE LA EDUCACION,"LICENCIATURA EN EDUCACION BASICA CON ENFASIS EN MATEMATICAS, HUMANIDADES Y LENGUA CASTELLANA",OTRO,DISTANCIA,CHIQUINQUIRA,C,CHIQUINQUIRÁ,CHIQUINQUIRÁ,03/30/1997 12:00:00 AM,F,,PERDIO CUPO A130/98 ART. 80 LIT. C
PRIMER  SEMESTRE DE 2019,CIENCIAS DE LA EDUCACION,"LICENCIATURA EN EDUCACION BASICA CON ENFASIS EN MATEMATICAS, HUMANIDADES Y LENGUA CASTELLANA",OTRO,DISTANCIA,DUITAMA,C,PAIPA,PAIPA,02/20/1998 12:00:00 AM,F,,PERDIO CUPO A130/98 ART. 80 LIT. C
PRIMER  SEMESTRE DE 2019,CIENCIAS DE LA EDUCACION,"LICENCIATURA EN EDUCACION BASICA CON ENFASIS EN MATEMATICAS, HUMANIDADES Y LENGUA CASTELLANA",OTRO,DISTANCIA,SOGAMOSO,C,FIRAVITOBA,SOGAMOSO,08/03/1989 12:00:00 AM,F,,PERDIO CUPO A130/98 ART. 80 LIT. C
PRIMER  SEMESTRE DE 2019,CIENCIAS DE LA EDUCACION,"LICENCIATURA EN EDUCACION BASICA CON ENFASIS EN MATEMATICAS, HUMANIDADES Y LENGUA CASTELLANA",OTRO,DISTANCIA,CHIQUINQUIRA,C,TUNJA,CHIQUINQUIRÁ,01/13/1998 12:00:00 AM,M,,PERDIO CUPO A130/98 ART. 80 LIT. D
PRIMER  SEMESTRE DE 2019,CIENCIAS DE LA EDUCACION,"LICENCIATURA EN EDUCACION BASICA CON ENFASIS EN MATEMATICAS, HUMANIDADES Y LENGUA CASTELLANA",OTRO,DISTANCIA,QUETAME,C,QUETAME,QUETAME,04/08/1994 12:00:00 AM,M,,PERDIO CUPO A130/98 ART. 80 LIT. D
PRIMER  SEMESTRE DE 2019,CIENCIAS DE LA EDUCACION,"LICENCIATURA EN EDUCACION BASICA CON ENFASIS EN MATEMATICAS, HUMANIDADES Y LENGUA CASTELLANA",OTRO,DISTANCIA,SOGAMOSO,C,GAMEZA,GAMEZA,01/12/1997 12:00:00 AM,F,,PERDIO CUPO A130/98 ART.80 LIT. E
PRIMER  SEMESTRE DE 2019,CIENCIAS DE LA EDUCACION,"LICENCIATURA EN EDUCACION BASICA CON ENFASIS EN MATEMATICAS, HUMANIDADES Y LENGUA CASTELLANA",OTRO,DISTANCIA,SOGAMOSO,C,SOGAMOSO,SOGAMOSO,01/18/1995 12:00:00 AM,F,,PERDIO CUPO A130/98 ART.80 LIT. E
PRIMER  SEMESTRE DE 2019,CIENCIAS DE LA EDUCACION,"LICENCIATURA EN EDUCACION BASICA CON ENFASIS EN MATEMATICAS, HUMANIDADES Y LENGUA CASTELLANA",OTRO,DISTANCIA,SOGAMOSO,C,TÓPAGA,TÓPAGA,04/09/1992 12:00:00 AM,F,,PERDIO CUPO A130/98 ART.80 LIT. E
PRIMER  SEMESTRE DE 2019,CIENCIAS DE LA EDUCACION,LICENCIATURA EN EDUCACION FISICA RECREACION Y DEPORTES,DIURNO,PRESENCIAL,TUNJA,C,YOPAL,DUITAMA,07/08/1994 12:00:00 AM,M,1,PERDIO CUPO A130/98 ART. 80 LIT. C
PRIMER  SEMESTRE DE 2019,CIENCIAS DE LA EDUCACION,LICENCIATURA EN EDUCACION FISICA RECREACION Y DEPORTES,DIURNO,PRESENCIAL,TUNJA,C,TUNJA,BOGOTA D.E,11/05/1993 12:00:00 AM,M,3,PERDIO CUPO A130/98 ART.80 LIT. E
PRIMER  SEMESTRE DE 2019,CIENCIAS DE LA EDUCACION,LICENCIATURA EN EDUCACION FISICA RECREACION Y DEPORTES,DIURNO,PRESENCIAL,CHIQUINQUIRA,C,SUSA,BOGOTÁ D.C.,11/05/1994 12:00:00 AM,M,1,PERDIO CUPO A130/98 ART. 80 LIT. C
PRIMER  SEMESTRE DE 2019,CIENCIAS DE LA EDUCACION,LICENCIATURA EN EDUCACION FISICA RECREACION Y DEPORTES,DIURNO,PRESENCIAL,CHIQUINQUIRA,C,CHIQUINQUIRÁ,CHIQUINQUIRÁ,12/06/1998 12:00:00 AM,M,1,PERDIO CUPO A130/98 ART. 80 LIT. C
PRIMER  SEMESTRE DE 2019,CIENCIAS DE LA EDUCACION,LICENCIATURA EN EDUCACION FISICA RECREACION Y DEPORTES,DIURNO,PRESENCIAL,TUNJA,C,DUITAMA,DUITAMA,12/01/1993 12:00:00 AM,M,2,PERDIO CUPO A130/98 ART.80 LIT. E
PRIMER  SEMESTRE DE 2019,CIENCIAS DE LA EDUCACION,LICENCIATURA EN EDUCACION PREESCOLAR,DIURNO,PRESENCIAL,TUNJA,C,TUNJA,SOGAMOSO,08/21/1997 12:00:00 AM,F,3,PERDIO CUPO A130/98 ART. 80 LIT. C
PRIMER  SEMESTRE DE 2019,CIENCIAS DE LA EDUCACION,LICENCIATURA EN EDUCACION PREESCOLAR,DIURNO,PRESENCIAL,TUNJA,C,TUNJA,TUNJA,10/19/1994 12:00:00 AM,F,2,PERDIO CUPO A130/98 ART.80 LIT. E
PRIMER  SEMESTRE DE 2019,CIENCIAS DE LA EDUCACION,LICENCIATURA EN FILOSOFIA,,PRESENCIAL,TUNJA,C,SOGAMOSO,TAURAMENA,12/20/1993 12:00:00 AM,M,2,PERDIO CUPO A130/98 ART. 80 LIT. C
PRIMER  SEMESTRE DE 2019,CIENCIAS DE LA EDUCACION,LICENCIATURA EN FILOSOFIA,,PRESENCIAL,TUNJA,C,TUNJA,TOCA,05/25/1994 12:00:00 AM,F,2,PERDIO CUPO A130/98 ART.80 LIT. E
PRIMER  SEMESTRE DE 2019,CIENCIAS DE LA EDUCACION,LICENCIATURA EN IDIOMAS MODERNOS ESPAÑOL-INGLÉS,DIURNO,PRESENCIAL,TUNJA,C,TUNJA,TUNJA,03/18/1990 12:00:00 AM,F,2,PERDIO CUPO A130/98 ART.80 LIT. E
PRIMER  SEMESTRE DE 2019,CIENCIAS DE LA EDUCACION,LICENCIATURA EN IDIOMAS MODERNOS ESPAÑOL-INGLÉS,DIURNO,PRESENCIAL,TUNJA,C,YOPAL,VILLANUEVA,03/19/1995 12:00:00 AM,M,1,PERDIO CUPO A130/98 ART. 80 LIT. D
PRIMER  SEMESTRE DE 2019,CIENCIAS DE LA EDUCACION,LICENCIATURA EN INFORMATICA Y TECNOLOGIA,NOCTURNO,PRESENCIAL,TUNJA,C,DUITAMA,DUITAMA,09/17/1999 12:00:00 AM,M,2,PERDIO CUPO A130/98 ART. 80 LIT. C
PRIMER  SEMESTRE DE 2019,CIENCIAS DE LA EDUCACION,LICENCIATURA EN INFORMATICA Y TECNOLOGIA,NOCTURNO,PRESENCIAL,TUNJA,C,TUNJA,TUNJA,03/26/1984 12:00:00 AM,M,3,PERDIO CUPO A130/98 ART. 80 LIT. C
PRIMER  SEMESTRE DE 2019,CIENCIAS DE LA EDUCACION,LICENCIATURA EN LENGUAS EXTRANJERAS,DIURNO,PRESENCIAL,TUNJA,C,PAIPA,BOGOTA D.E,12/08/1993 12:00:00 AM,F,2,PERDIO CUPO A130/98 ART. 80 LIT. D
PRIMER  SEMESTRE DE 2019,CIENCIAS DE LA EDUCACION,LICENCIATURA EN LENGUAS EXTRANJERAS CON ENFASIS EN INGLES Y EN FRANCES,,PRESENCIAL,TUNJA,C,SOGAMOSO,SOGAMOSO,09/06/1998 12:00:00 AM,F,2,PERDIO CUPO A130/98 ART.80 LIT. E
PRIMER  SEMESTRE DE 2019,CIENCIAS DE LA EDUCACION,LICENCIATURA EN MATEMATICAS,DIURNO,PRESENCIAL,TUNJA,C,TUNJA,BELÉN,12/04/1999 12:00:00 AM,M,3,PERDIO CUPO A130/98 ART. 80 LIT. D
PRIMER  SEMESTRE DE 2019,CIENCIAS DE LA EDUCACION,LICENCIATURA EN MATEMATICAS,DIURNO,PRESENCIAL,TUNJA,C,VILLAPINZÓN,VILLAPINZÓN,12/15/1999 12:00:00 AM,M,1,PERDIO CUPO A130/98 ART. 80 LIT. D
PRIMER  SEMESTRE DE 2019,CIENCIAS DE LA EDUCACION,LICENCIATURA EN MATEMATICAS,NOCTURNO,PRESENCIAL,TUNJA,C,BOGOTA D.E,MONGUÍ,02/23/1996 12:00:00 AM,M,2,PERDIO CUPO A130/98 ART. 80 LIT. D
PRIMER  SEMESTRE DE 2019,CIENCIAS DE LA EDUCACION,LICENCIATURA EN MATEMATICAS,DIURNO,PRESENCIAL,TUNJA,C,BOYACÁ,TUNJA,02/23/2000 12:00:00 AM,F,2,PERDIO CUPO A130/98 ART.80 LIT. E
PRIMER  SEMESTRE DE 2019,CIENCIAS DE LA EDUCACION,LICENCIATURA EN MATEMATICAS,NOCTURNO,PRESENCIAL,TUNJA,C,TUNJA,AQUITANIA,10/15/1981 12:00:00 AM,F,2,PERDIO CUPO A130/98 ART.80 LIT. E
PRIMER  SEMESTRE DE 2019,CIENCIAS DE LA EDUCACION,LICENCIATURA EN MATEMATICAS,NOCTURNO,PRESENCIAL,TUNJA,C,TOCA,TOCA,12/03/1994 12:00:00 AM,F,1,PERDIO CUPO A130/98 ART.80 LIT. E
PRIMER  SEMESTRE DE 2019,CIENCIAS DE LA EDUCACION,LICENCIATURA EN MATEMATICAS,DIURNO,PRESENCIAL,TUNJA,C,TUNJA,MOTAVITA,05/12/1991 12:00:00 AM,F,1,PERDIO CUPO A130/98 ART.80 LIT. E
PRIMER  SEMESTRE DE 2019,CIENCIAS DE LA EDUCACION,LICENCIATURA EN MATEMATICAS,NOCTURNO,PRESENCIAL,TUNJA,C,SOGAMOSO,EL COCUY,01/28/1994 12:00:00 AM,M,2,PERDIO CUPO A130/98 ART.80 LIT. E
PRIMER  SEMESTRE DE 2019,CIENCIAS DE LA EDUCACION,LICENCIATURA EN MATEMATICAS,DIURNO,PRESENCIAL,TUNJA,C,PAIPA,DUITAMA,06/05/1998 12:00:00 AM,F,2,PERDIO CUPO A130/98 ART. 80 LIT. B
PRIMER  SEMESTRE DE 2019,CIENCIAS DE LA EDUCACION,LICENCIATURA EN MATEMATICAS,NOCTURNO,PRESENCIAL,TUNJA,C,SOGAMOSO,TUNJA,07/18/1994 12:00:00 AM,F,2,PERDIO CUPO A130/98 ART. 80 LIT. B
PRIMER  SEMESTRE DE 2019,CIENCIAS DE LA EDUCACION,LICENCIATURA EN MATEMATICAS,DIURNO,PRESENCIAL,TUNJA,T,NUEVO COLÓN,NUEVO COLÓN,09/05/2000 12:00:00 AM,M,2,PERDIO CUPO A130/98 ART. 80 LIT. B
PRIMER  SEMESTRE DE 2019,CIENCIAS DE LA EDUCACION,LICENCIATURA EN MATEMATICAS,DIURNO,PRESENCIAL,TUNJA,C,TUNJA,SIACHOQUE,08/03/1999 12:00:00 AM,M,1,PERDIO CUPO A130/98 ART. 80 LIT. C
PRIMER  SEMESTRE DE 2019,CIENCIAS DE LA EDUCACION,LICENCIATURA EN MATEMATICAS,DIURNO,PRESENCIAL,TUNJA,C,TÓPAGA,TÓPAGA,07/06/1994 12:00:00 AM,M,1,PERDIO CUPO A130/98 ART. 80 LIT. C
PRIMER  SEMESTRE DE 2019,CIENCIAS DE LA EDUCACION,LICENCIATURA EN MATEMATICAS,DIURNO,PRESENCIAL,TUNJA,C,VILLAPINZÓN,VILLAPINZÓN,12/28/1996 12:00:00 AM,M,2,PERDIO CUPO A130/98 ART. 80 LIT. C
PRIMER  SEMESTRE DE 2019,CIENCIAS DE LA EDUCACION,LICENCIATURA EN MATEMATICAS,NOCTURNO,PRESENCIAL,TUNJA,C,CÓMBITA,CÓMBITA,06/07/1998 12:00:00 AM,M,1,PERDIO CUPO A130/98 ART. 80 LIT. C
PRIMER  SEMESTRE DE 2019,CIENCIAS DE LA EDUCACION,LICENCIATURA EN MUSICA,DIURNO,PRESENCIAL,TUNJA,C,CUCAITA,TUNJA,05/21/1999 12:00:00 AM,M,2,PERDIO CUPO A130/98 ART. 80 LIT. D
PRIMER  SEMESTRE DE 2019,CIENCIAS DE LA EDUCACION,LICENCIATURA EN MUSICA,DIURNO,PRESENCIAL,TUNJA,C,IBAGUÉ,IBAGUÉ,11/15/1996 12:00:00 AM,M,1,PERDIO CUPO A130/98 ART. 80 LIT. D
PRIMER  SEMESTRE DE 2019,CIENCIAS DE LA EDUCACION,LICENCIATURA EN MUSICA,DIURNO,PRESENCIAL,TUNJA,T,TIBIRITA,CHOCONTÁ,02/16/2000 12:00:00 AM,M,2,PERDIO CUPO A130/98 ART. 80 LIT. C
PRIMER  SEMESTRE DE 2019,CIENCIAS DE LA EDUCACION,MAESTRIA EN HISTORIA,OTRO,PRESENCIAL,TUNJA,C,TUNJA,PUERTO BOYACÁ,09/08/1994 12:00:00 AM,M,,PERDIO CUPO A 052/2012  ART 15 LIT.A.
PRIMER  SEMESTRE DE 2019,CIENCIAS DE LA EDUCACION,MAESTRIA EN HISTORIA,OTRO,PRESENCIAL,TUNJA,C,TUNJA,TUNJA,07/07/1984 12:00:00 AM,M,,PERDIO CUPO A 052/2012  ART 15 LIT.A.
PRIMER  SEMESTRE DE 2019,CIENCIAS DE LA EDUCACION,MAESTRIA EN PATRIMONIO CULTURAL,OTRO,PRESENCIAL,TUNJA,C,BOGOTÁ D.C.,BOGOTÁ D.C.,10/27/1992 12:00:00 AM,M,,PERDIO CUPO A 052/2012  ART 15 LIT.A.
PRIMER  SEMESTRE DE 2019,CIENCIAS DE LA EDUCACION,MAESTRIA EN PATRIMONIO CULTURAL,OTRO,PRESENCIAL,TUNJA,C,BOGOTÁ D.C.,BOGOTÁ D.C.,12/17/1990 12:00:00 AM,M,,PERDIO CUPO A 052/2012  ART 15 LIT.A.
PRIMER  SEMESTRE DE 2019,CIENCIAS DE LA SALUD,ESPECIALIZACION EN SEGURIDAD Y SALUD EN EL TRABAJO,,PRESENCIAL,TUNJA,C,BOGOTÁ D.C.,BOGOTÁ D.C.,07/31/1984 12:00:00 AM,F,,PERDIO CUPO A 052/2012  ART 15 LIT.A.
PRIMER  SEMESTRE DE 2019,CIENCIAS DE LA SALUD,MEDICINA,DIURNO,PRESENCIAL,TUNJA,C,GIRÓN,BUCARAMANGA,08/02/1994 12:00:00 AM,M,3,PERDIO CUPO A130/98 ART.80 LIT. E
PRIMER  SEMESTRE DE 2019,CIENCIAS DE LA SALUD,MEDICINA,DIURNO,PRESENCIAL,TUNJA,C,TUNJA,GUATEQUE,03/06/2001 12:00:00 AM,M,3,PERDIO CUPO A130/98 ART. 80 LIT. C
PRIMER  SEMESTRE DE 2019,CIENCIAS DE LA SALUD,PSICOLOGIA,DIURNO,PRESENCIAL,TUNJA,C,TUNJA,TURMEQUÉ,07/13/1997 12:00:00 AM,M,1,PERDIO CUPO A130/98 ART. 80 LIT. B
PRIMER  SEMESTRE DE 2019,CIENCIAS ECONOMICAS Y ADMINISTRATIVAS,ADMINISTRACION DE EMPRESAS,DIURNO,PRESENCIAL,TUNJA,C,TUNJA,BARBOSA,04/18/1998 12:00:00 AM,F,2,PERDIO CUPO A130/98 ART. 80 LIT. C
PRIMER  SEMESTRE DE 2019,CIENCIAS ECONOMICAS Y ADMINISTRATIVAS,ADMINISTRACION DE EMPRESAS,DIURNO,PRESENCIAL,TUNJA,C,SANTA ROSA DE VITERBO,DUITAMA,11/27/2000 12:00:00 AM,F,2,PERDIO CUPO A130/98 ART. 80 LIT. C
PRIMER  SEMESTRE DE 2019,CIENCIAS ECONOMICAS Y ADMINISTRATIVAS,ADMINISTRACION DE EMPRESAS,NOCTURNO,PRESENCIAL,TUNJA,T,TUNJA,TUNJA,01/29/2001 12:00:00 AM,F,1,PERDIO CUPO A130/98 ART. 80 LIT. C
PRIMER  SEMESTRE DE 2019,CIENCIAS ECONOMICAS Y ADMINISTRATIVAS,ADMINISTRACION DE EMPRESAS,DIURNO,PRESENCIAL,TUNJA,C,PAIPA,PAIPA,11/06/2000 12:00:00 AM,M,1,PERDIO CUPO A130/98 ART. 80 LIT. C
PRIMER  SEMESTRE DE 2019,CIENCIAS ECONOMICAS Y ADMINISTRATIVAS,ADMINISTRACION DE EMPRESAS,DIURNO,PRESENCIAL,TUNJA,C,PAIPA,PAIPA,02/11/1990 12:00:00 AM,M,2,PERDIO CUPO A130/98 ART. 80 LIT. C
PRIMER  SEMESTRE DE 2019,CIENCIAS ECONOMICAS Y ADMINISTRATIVAS,ADMINISTRACION DE EMPRESAS,NOCTURNO,PRESENCIAL,TUNJA,C,TUNJA,TUNJA,05/07/1993 12:00:00 AM,M,2,PERDIO CUPO A130/98 ART.80 LIT. E
PRIMER  SEMESTRE DE 2019,CIENCIAS ECONOMICAS Y ADMINISTRATIVAS,ADMINISTRACION DE EMPRESAS,DIURNO,PRESENCIAL,TUNJA,C,CIÉNEGA,RAMIRIQUÍ,12/08/2000 12:00:00 AM,M,3,PERDIO CUPO A130/98 ART. 80 LIT. C
PRIMER  SEMESTRE DE 2019,CIENCIAS ECONOMICAS Y ADMINISTRATIVAS,ADMINISTRACION DE EMPRESAS,DIURNO,PRESENCIAL,TUNJA,C,EL ESPINO,EL ESPINO,06/16/1996 12:00:00 AM,M,3,PERDIO CUPO A130/98 ART. 80 LIT. B
PRIMER  SEMESTRE DE 2019,CIENCIAS ECONOMICAS Y ADMINISTRATIVAS,ADMINISTRACION DE EMPRESAS,DIURNO,PRESENCIAL,TUNJA,C,PAIPA,PAIPA,10/26/1998 12:00:00 AM,M,2,PERDIO CUPO A130/98 ART. 80 LIT. B
PRIMER  SEMESTRE DE 2019,CIENCIAS ECONOMICAS Y ADMINISTRATIVAS,ADMINISTRACION DE EMPRESAS,NOCTURNO,PRESENCIAL,TUNJA,C,YOPAL,BOGOTÁ D.C.,09/16/1997 12:00:00 AM,M,,PERDIO CUPO A130/98 ART. 80 LIT. D
PRIMER  SEMESTRE DE 2019,CIENCIAS ECONOMICAS Y ADMINISTRATIVAS,CONTADURIA PUBLICA,NOCTURNO,PRESENCIAL,TUNJA,C,DUITAMA,BARBOSA,11/13/1995 12:00:00 AM,M,2,PERDIO CUPO A130/98 ART. 80 LIT. C
PRIMER  SEMESTRE DE 2019,CIENCIAS ECONOMICAS Y ADMINISTRATIVAS,CONTADURIA PUBLICA,NOCTURNO,PRESENCIAL,TUNJA,C,TUNJA,PAZ DE RÍO,04/29/1999 12:00:00 AM,M,3,PERDIO CUPO A130/98 ART. 80 LIT. B
PRIMER  SEMESTRE DE 2019,CIENCIAS ECONOMICAS Y ADMINISTRATIVAS,CONTADURIA PUBLICA,NOCTURNO,PRESENCIAL,TUNJA,C,TUNJA,SANTA ROSA DEL SUR,02/22/1992 12:00:00 AM,F,2,PERDIO CUPO A130/98 ART. 80 LIT. D
PRIMER  SEMESTRE DE 2019,CIENCIAS ECONOMICAS Y ADMINISTRATIVAS,CONTADURIA PUBLICA,NOCTURNO,PRESENCIAL,TUNJA,C,TUNJA,TUNJA,02/25/1992 12:00:00 AM,F,1,PERDIO CUPO A130/98 ART. 80 LIT. B
PRIMER  SEMESTRE DE 2019,CIENCIAS ECONOMICAS Y ADMINISTRATIVAS,CONTADURIA PUBLICA,NOCTURNO,PRESENCIAL,TUNJA,C,TUNJA,SÁCHICA,10/03/1992 12:00:00 AM,M,,PERDIO CUPO A130/98 ART.80 LIT. E
PRIMER  SEMESTRE DE 2019,CIENCIAS ECONOMICAS Y ADMINISTRATIVAS,CONTADURIA PUBLICA,NOCTURNO,PRESENCIAL,TUNJA,C,TUNJA,TUNJA,10/22/1983 12:00:00 AM,M,1,PERDIO CUPO A130/98 ART. 80 LIT. D
PRIMER  SEMESTRE DE 2019,CIENCIAS ECONOMICAS Y ADMINISTRATIVAS,CONTADURIA PUBLICA,NOCTURNO,PRESENCIAL,TUNJA,C,TENZA,TENZA,09/26/1990 12:00:00 AM,F,2,PERDIO CUPO A130/98 ART. 80 LIT. C
PRIMER  SEMESTRE DE 2019,CIENCIAS ECONOMICAS Y ADMINISTRATIVAS,CONTADURIA PUBLICA,NOCTURNO,PRESENCIAL,TUNJA,C,YOPAL,TÁMARA,03/14/1994 12:00:00 AM,F,1,PERDIO CUPO A130/98 ART.80 LIT. E
PRIMER  SEMESTRE DE 2019,CIENCIAS ECONOMICAS Y ADMINISTRATIVAS,CONTADURIA PUBLICA,NOCTURNO,PRESENCIAL,TUNJA,T,TUNJA,TUNJA,04/10/1999 12:00:00 AM,M,1,PERDIO CUPO A130/98 ART. 80 LIT. C
PRIMER  SEMESTRE DE 2019,CIENCIAS ECONOMICAS Y ADMINISTRATIVAS,ECONOMIA,DIURNO,PRESENCIAL,TUNJA,C,CHIQUINQUIRÁ,CHIQUINQUIRÁ,09/26/1997 12:00:00 AM,M,2,PERDIO CUPO A130/98 ART. 80 LIT. C
PRIMER  SEMESTRE DE 2019,CIENCIAS ECONOMICAS Y ADMINISTRATIVAS,ECONOMIA,DIURNO,PRESENCIAL,TUNJA,C,BOGOTÁ D.C.,BOGOTÁ D.C.,04/23/1997 12:00:00 AM,M,3,PERDIO CUPO A130/98 ART. 80 LIT. C
PRIMER  SEMESTRE DE 2019,CIENCIAS ECONOMICAS Y ADMINISTRATIVAS,ECONOMIA,NOCTURNO,PRESENCIAL,TUNJA,C,TUNJA,PUENTE NACIONAL,01/23/1999 12:00:00 AM,F,3,PERDIO CUPO A130/98 ART. 80 LIT. C
PRIMER  SEMESTRE DE 2019,CIENCIAS ECONOMICAS Y ADMINISTRATIVAS,ECONOMIA,NOCTURNO,PRESENCIAL,TUNJA,C,TUNJA,TUNJA,05/08/1994 12:00:00 AM,M,2,PERDIO CUPO A130/98 ART. 80 LIT. B
PRIMER  SEMESTRE DE 2019,CIENCIAS ECONOMICAS Y ADMINISTRATIVAS,ECONOMIA,DIURNO,PRESENCIAL,TUNJA,C,TIBASOSA,BUCARAMANGA,12/28/1997 12:00:00 AM,M,2,PERDIO CUPO A130/98 ART. 80 LIT. B
PRIMER  SEMESTRE DE 2019,CIENCIAS ECONOMICAS Y ADMINISTRATIVAS,ECONOMIA,NOCTURNO,PRESENCIAL,TUNJA,C,TUNJA,TUNJA,09/12/1995 12:00:00 AM,M,2,PERDIO CUPO A130/98 ART. 80 LIT. B
PRIMER  SEMESTRE DE 2019,CIENCIAS ECONOMICAS Y ADMINISTRATIVAS,ECONOMIA,NOCTURNO,PRESENCIAL,TUNJA,C,TUNJA,TUNJA,06/25/1991 12:00:00 AM,M,3,PERDIO CUPO A130/98 ART.80 LIT. E
PRIMER  SEMESTRE DE 2019,CIENCIAS ECONOMICAS Y ADMINISTRATIVAS,ECONOMIA,NOCTURNO,PRESENCIAL,TUNJA,C,TUNJA,TUNJA,08/17/1990 12:00:00 AM,M,,PERDIO CUPO A130/98 ART. 80 LIT. D
PRIMER  SEMESTRE DE 2019,CIENCIAS ECONOMICAS Y ADMINISTRATIVAS,ECONOMIA,NOCTURNO,PRESENCIAL,TUNJA,C,TOCA,TUNJA,05/11/1991 12:00:00 AM,M,2,PERDIO CUPO A130/98 ART. 80 LIT. D
PRIMER  SEMESTRE DE 2019,CIENCIAS ECONOMICAS Y ADMINISTRATIVAS,ECONOMIA,NOCTURNO,PRESENCIAL,TUNJA,C,TUNJA,TUNJA,02/27/1989 12:00:00 AM,M,,PERDIO CUPO A130/98 ART. 80 LIT. C
PRIMER  SEMESTRE DE 2019,CIENCIAS ECONOMICAS Y ADMINISTRATIVAS,ECONOMIA,DIURNO,PRESENCIAL,TUNJA,C,CHINAVITA,GARAGOA,11/08/1995 12:00:00 AM,M,2,PERDIO CUPO A130/98 ART. 80 LIT. C
PRIMER  SEMESTRE DE 2019,DERECHO Y CIENCIAS  SOCIALES,DERECHO,,PRESENCIAL,AGUAZUL,C,CHÍQUIZA,TUNJA,01/07/2001 12:00:00 AM,M,1,PERDIO CUPO A130/98 ART. 80 LIT. C
PRIMER  SEMESTRE DE 2019,DERECHO Y CIENCIAS  SOCIALES,DERECHO,,PRESENCIAL,AGUAZUL,C,BOGOTA D.E,GAMEZA,02/02/1982 12:00:00 AM,F,3,PERDIO CUPO A130/98 ART. 80 LIT. C
PRIMER  SEMESTRE DE 2019,DERECHO Y CIENCIAS  SOCIALES,DERECHO,,PRESENCIAL,AGUAZUL,C,AGUAZUL,VILLAVICENCIO,07/05/1996 12:00:00 AM,F,1,PERDIO CUPO A130/98 ART. 80 LIT. C
PRIMER  SEMESTRE DE 2019,DERECHO Y CIENCIAS  SOCIALES,DERECHO,,PRESENCIAL,AGUAZUL,C,YOPAL,YOPAL,07/21/1992 12:00:00 AM,F,1,PERDIO CUPO A130/98 ART. 80 LIT. C
PRIMER  SEMESTRE DE 2019,DERECHO Y CIENCIAS  SOCIALES,DERECHO,,PRESENCIAL,AGUAZUL,C,YOPAL,SOGAMOSO,07/03/1999 12:00:00 AM,M,2,PERDIO CUPO A130/98 ART. 80 LIT. D
PRIMER  SEMESTRE DE 2019,DERECHO Y CIENCIAS  SOCIALES,DERECHO,DIURNO,PRESENCIAL,TUNJA,C,AQUITANIA,SOGAMOSO,02/20/1999 12:00:00 AM,M,2,PERDIO CUPO A130/98 ART. 80 LIT. D
PRIMER  SEMESTRE DE 2019,DERECHO Y CIENCIAS  SOCIALES,DERECHO,DIURNO,PRESENCIAL,TUNJA,C,YOPAL,BOGOTA D.E,11/16/1991 12:00:00 AM,M,2,PERDIO CUPO A130/98 ART. 80 LIT. D
PRIMER  SEMESTRE DE 2019,DERECHO Y CIENCIAS  SOCIALES,DERECHO Y CIENCIAS SOCIALES,DIURNO,PRESENCIAL,TUNJA,C,TUNJA,TUNJA,04/07/1991 12:00:00 AM,M,,PERDIO CUPO A130/98 ART. 80 LIT. D
PRIMER  SEMESTRE DE 2019,ESTUDIOS A DISTANCIA,ADMINISTRACION DE SERVICIOS DE SALUD,OTRO,VIRTUAL,TUNJA,C,TUNJA,ABREGO,07/13/1986 12:00:00 AM,M,,PERDIO CUPO A130/98 ART. 80 LIT. B
PRIMER  SEMESTRE DE 2019,ESTUDIOS A DISTANCIA,ADMINISTRACION DE SERVICIOS DE SALUD,OTRO,VIRTUAL,TUNJA,C,TUNJA,TUNJA,03/07/1983 12:00:00 AM,F,,PERDIO CUPO A130/98 ART. 80 LIT. C
PRIMER  SEMESTRE DE 2019,ESTUDIOS A DISTANCIA,MAESTRIA EN DIDACTICA DE LA MATEMATICA,,VIRTUAL,TUNJA,C,CUCUNUBÁ,CUCUNUBÁ,11/01/1962 12:00:00 AM,M,,PERDIO CUPO A 052/2012  ART 15 LIT.A.
PRIMER  SEMESTRE DE 2019,ESTUDIOS A DISTANCIA,MAESTRIA EN DIDACTICA DE LA MATEMATICA,,VIRTUAL,TUNJA,C,SOTAQUIRÁ,SOTAQUIRÁ,12/11/1987 12:00:00 AM,M,,PERDIO CUPO A 052/2012  ART 15 LIT.A.
PRIMER  SEMESTRE DE 2019,ESTUDIOS A DISTANCIA,MAESTRIA EN DIDACTICA DE LA MATEMATICA,,VIRTUAL,TUNJA,C,BOGOTÁ D.C.,BOGOTÁ D.C.,01/12/1974 12:00:00 AM,M,,PERDIO CUPO A 052/2012  ART 15 LIT.B.
PRIMER  SEMESTRE DE 2019,ESTUDIOS A DISTANCIA,MAESTRIA EN DIDACTICA DE LA MATEMATICA,,VIRTUAL,TUNJA,C,BOGOTÁ D.C.,BOGOTÁ D.C.,10/13/1978 12:00:00 AM,M,,PERDIO CUPO A 052/2012  ART 15 LIT.A.
PRIMER  SEMESTRE DE 2019,ESTUDIOS A DISTANCIA,MAESTRIA EN DIDACTICA DE LA MATEMATICA,,VIRTUAL,TUNJA,C,CAUCASIA,CAUCASIA,10/15/1970 12:00:00 AM,M,,PERDIO CUPO A 052/2012  ART 15 LIT.A.
PRIMER  SEMESTRE DE 2019,ESTUDIOS A DISTANCIA,TECNICA PROFESIONAL  EN PROCESOS COMERCIALES Y FINANCIEROS,OTRO,VIRTUAL,CHIQUINQUIRA,C,CHIQUINQUIRÁ,CHIQUINQUIRÁ,08/09/1984 12:00:00 AM,F,,PERDIO CUPO A130/98 ART.80 LIT. E
PRIMER  SEMESTRE DE 2019,ESTUDIOS A DISTANCIA,TECNICA PROFESIONAL  EN PROCESOS COMERCIALES Y FINANCIEROS,OTRO,VIRTUAL,TUNJA,C,TUTA,BOGOTA D.E,07/01/2000 12:00:00 AM,F,,PERDIO CUPO A130/98 ART. 80 LIT. B
PRIMER  SEMESTRE DE 2019,ESTUDIOS A DISTANCIA,TECNICA PROFESIONAL  EN PROCESOS COMERCIALES Y FINANCIEROS,OTRO,VIRTUAL,SOGAMOSO,C,SOGAMOSO,SOGAMOSO,08/10/1987 12:00:00 AM,M,,PERDIO CUPO A130/98 ART. 80 LIT. B
PRIMER  SEMESTRE DE 2019,ESTUDIOS A DISTANCIA,TECNICA PROFESIONAL  EN PROCESOS COMERCIALES Y FINANCIEROS,OTRO,VIRTUAL,CHIQUINQUIRA,C,CHIQUINQUIRÁ,CHIQUINQUIRÁ,06/04/1994 12:00:00 AM,F,,PERDIO CUPO A130/98 ART.80 LIT. E
PRIMER  SEMESTRE DE 2019,ESTUDIOS A DISTANCIA,TECNICA PROFESIONAL  EN PROCESOS COMERCIALES Y FINANCIEROS,OTRO,VIRTUAL,YOPAL,C,TRINIDAD,TRINIDAD,12/29/1988 12:00:00 AM,F,,PERDIO CUPO A130/98 ART. 80 LIT. D
PRIMER  SEMESTRE DE 2019,ESTUDIOS A DISTANCIA,TECNICA PROFESIONAL  EN PROCESOS COMERCIALES Y FINANCIEROS,OTRO,VIRTUAL,DUITAMA,C,PAIPA,PAIPA,01/24/1995 12:00:00 AM,F,,PERDIO CUPO A130/98 ART. 80 LIT. D
PRIMER  SEMESTRE DE 2019,ESTUDIOS A DISTANCIA,TECNICA PROFESIONAL  EN PROCESOS COMERCIALES Y FINANCIEROS,OTRO,VIRTUAL,YOPAL,C,FONSECA,MAICAO,09/28/1987 12:00:00 AM,M,,PERDIO CUPO A130/98 ART. 80 LIT. B
PRIMER  SEMESTRE DE 2019,ESTUDIOS A DISTANCIA,TECNICA PROFESIONAL  EN PROCESOS COMERCIALES Y FINANCIEROS,OTRO,VIRTUAL,DUITAMA,C,SANTA ROSA DE VITERBO,SANTA ROSA DE VITERBO,12/06/1997 12:00:00 AM,F,,PERDIO CUPO A130/98 ART. 80 LIT. B
PRIMER  SEMESTRE DE 2019,ESTUDIOS A DISTANCIA,TECNICA PROFESIONAL  EN PROCESOS COMERCIALES Y FINANCIEROS,OTRO,VIRTUAL,TAURAMENA,C,SOGAMOSO,SOGAMOSO,07/30/1994 12:00:00 AM,F,,PERDIO CUPO A130/98 ART. 80 LIT. B
PRIMER  SEMESTRE DE 2019,ESTUDIOS A DISTANCIA,TECNICA PROFESIONAL  EN PROCESOS COMERCIALES Y FINANCIEROS,OTRO,VIRTUAL,TUNJA,T,TOCA,TOCA,11/19/2000 12:00:00 AM,F,,PERDIO CUPO A130/98 ART. 80 LIT. C
PRIMER  SEMESTRE DE 2019,ESTUDIOS A DISTANCIA,TECNICA PROFESIONAL  EN PROCESOS COMERCIALES Y FINANCIEROS,OTRO,VIRTUAL,DUITAMA,C,TIBASOSA,DUITAMA,06/30/1995 12:00:00 AM,M,,PERDIO CUPO A130/98 ART. 80 LIT. C
PRIMER  SEMESTRE DE 2019,ESTUDIOS A DISTANCIA,TECNICA PROFESIONAL  EN PROCESOS COMERCIALES Y FINANCIEROS,OTRO,VIRTUAL,DUITAMA,C,BUCARAMANGA,BUCARAMANGA,02/21/1994 12:00:00 AM,M,,PERDIO CUPO A130/98 ART. 80 LIT. C
PRIMER  SEMESTRE DE 2019,ESTUDIOS A DISTANCIA,TECNICA PROFESIONAL  EN PROCESOS COMERCIALES Y FINANCIEROS,OTRO,VIRTUAL,SOGAMOSO,C,SOGAMOSO,SOGAMOSO,05/04/1993 12:00:00 AM,F,,PERDIO CUPO A130/98 ART. 80 LIT. C
PRIMER  SEMESTRE DE 2019,ESTUDIOS A DISTANCIA,TECNICA PROFESIONAL  EN PROCESOS COMERCIALES Y FINANCIEROS,OTRO,VIRTUAL,YOPAL,C,PORE,PORE,11/21/1993 12:00:00 AM,M,,PERDIO CUPO A130/98 ART. 80 LIT. C
PRIMER  SEMESTRE DE 2019,ESTUDIOS A DISTANCIA,TECNICA PROFESIONAL EN PROCESOS ADMINISTRATIVOS DE SALUD,OTRO,VIRTUAL,TUNJA,C,TUNJA,TUNJA,11/27/1998 12:00:00 AM,F,,PERDIO CUPO A130/98 ART. 80 LIT. C
PRIMER  SEMESTRE DE 2019,ESTUDIOS A DISTANCIA,TECNICA PROFESIONAL EN PROCESOS ADMINISTRATIVOS DE SALUD,OTRO,VIRTUAL,YOPAL,C,TAURAMENA,BOGOTA D.E,04/07/1984 12:00:00 AM,F,,PERDIO CUPO A130/98 ART. 80 LIT. C
PRIMER  SEMESTRE DE 2019,ESTUDIOS A DISTANCIA,TECNICA PROFESIONAL EN PROCESOS ADMINISTRATIVOS DE SALUD,OTRO,VIRTUAL,YOPAL,C,TÁMARA,SOGAMOSO,03/20/1992 12:00:00 AM,F,,PERDIO CUPO A130/98 ART. 80 LIT. C
PRIMER  SEMESTRE DE 2019,ESTUDIOS A DISTANCIA,TECNICA PROFESIONAL EN PROCESOS ADMINISTRATIVOS DE SALUD,OTRO,VIRTUAL,TUNJA,C,BOGOTA D.E,PAIPA,07/05/1985 12:00:00 AM,F,,PERDIO CUPO A130/98 ART. 80 LIT. C
PRIMER  SEMESTRE DE 2019,ESTUDIOS A DISTANCIA,TECNICA PROFESIONAL EN PROCESOS ADMINISTRATIVOS DE SALUD,OTRO,VIRTUAL,TUNJA,C,TUNJA,TUNJA,10/09/1995 12:00:00 AM,F,,PERDIO CUPO A130/98 ART. 80 LIT. B
PRIMER  SEMESTRE DE 2019,ESTUDIOS A DISTANCIA,TECNICA PROFESIONAL EN PROCESOS ADMINISTRATIVOS DE SALUD,OTRO,VIRTUAL,YOPAL,C,VILLANUEVA,VILLANUEVA,08/21/1983 12:00:00 AM,F,,PERDIO CUPO A130/98 ART. 80 LIT. B
PRIMER  SEMESTRE DE 2019,ESTUDIOS A DISTANCIA,TECNICA PROFESIONAL EN PROCESOS ADMINISTRATIVOS DE SALUD,OTRO,VIRTUAL,CHIQUINQUIRA,C,CHIQUINQUIRÁ,CHIQUINQUIRÁ,10/12/1981 12:00:00 AM,F,,PERDIO CUPO A130/98 ART.80 LIT. E
PRIMER  SEMESTRE DE 2019,ESTUDIOS A DISTANCIA,TECNICA PROFESIONAL EN PROCESOS ADMINISTRATIVOS DE SALUD,OTRO,VIRTUAL,SANTA FE DE BOGOTA,C,CARTAGENA,CARTAGENA,11/25/1992 12:00:00 AM,F,,PERDIO CUPO A130/98 ART.80 LIT. E
PRIMER  SEMESTRE DE 2019,ESTUDIOS A DISTANCIA,TECNICA PROFESIONAL EN PROCESOS ADMINISTRATIVOS DE SALUD,OTRO,VIRTUAL,SANTA FE DE BOGOTA,C,CARTAGENA,CARTAGENA,08/16/1992 12:00:00 AM,F,,PERDIO CUPO A130/98 ART.80 LIT. E
PRIMER  SEMESTRE DE 2019,ESTUDIOS A DISTANCIA,TECNICA PROFESIONAL EN PROCESOS ADMINISTRATIVOS DE SALUD,OTRO,VIRTUAL,SANTA FE DE BOGOTA,C,BOGOTÁ D.C.,ORTEGA,07/15/1992 12:00:00 AM,F,,PERDIO CUPO A130/98 ART. 80 LIT. D
PRIMER  SEMESTRE DE 2019,ESTUDIOS A DISTANCIA,TECNICA PROFESIONAL EN PROCESOS ADMINISTRATIVOS DE SALUD,OTRO,VIRTUAL,SANTA FE DE BOGOTA,C,BOGOTÁ D.C.,BOGOTÁ D.C.,03/04/1982 12:00:00 AM,M,,PERDIO CUPO A130/98 ART. 80 LIT. D
PRIMER  SEMESTRE DE 2019,ESTUDIOS A DISTANCIA,TECNICA PROFESIONAL EN PROCESOS ADMINISTRATIVOS DE SALUD,OTRO,VIRTUAL,TUNJA,C,ACACÍAS,BOGOTÁ D.C.,02/01/1993 12:00:00 AM,F,,PERDIO CUPO A130/98 ART. 80 LIT. D
PRIMER  SEMESTRE DE 2019,ESTUDIOS A DISTANCIA,TECNICA PROFESIONAL EN PROCESOS AGROINDUSTRIALES,OTRO,VIRTUAL,TUNJA,C,COTA,COTA,02/05/1998 12:00:00 AM,M,,PERDIO CUPO A130/98 ART. 80 LIT. B
PRIMER  SEMESTRE DE 2019,ESTUDIOS A DISTANCIA,TECNICA PROFESIONAL EN PROCESOS AGROINDUSTRIALES,OTRO,VIRTUAL,TUNJA,C,TUNJA,TUNJA,07/08/1991 12:00:00 AM,F,,PERDIO CUPO A130/98 ART. 80 LIT. C
PRIMER  SEMESTRE DE 2019,ESTUDIOS A DISTANCIA,TECNICA PROFESIONAL EN PROCESOS AGROINDUSTRIALES,OTRO,VIRTUAL,TUNJA,C,PUERTO GAITÁN,BOGOTA D.E,08/23/1991 12:00:00 AM,F,,PERDIO CUPO A130/98 ART. 80 LIT. C
PRIMER  SEMESTRE DE 2019,ESTUDIOS A DISTANCIA,TECNICO PROFESIONAL EN INSTALACION Y MANTENIMIENTO DE REDES Y COMPUTADORES,OTRO,DISTANCIA,TUNJA,C,TUNJA,TUNJA,10/27/1997 12:00:00 AM,M,,PERDIO CUPO A130/98 ART. 80 LIT. D
PRIMER  SEMESTRE DE 2019,ESTUDIOS A DISTANCIA,TECNICO PROFESIONAL EN INSTALACION Y MANTENIMIENTO DE REDES Y COMPUTADORES,OTRO,DISTANCIA,TUNJA,C,BOGOTÁ D.C.,BOGOTÁ D.C.,11/27/1989 12:00:00 AM,M,,PERDIO CUPO A130/98 ART. 80 LIT. C
PRIMER  SEMESTRE DE 2019,ESTUDIOS A DISTANCIA,TECNOLOGIA EN ELECTRICIDAD,OTRO,DISTANCIA,SANTA FE DE BOGOTA,C,BOGOTA D.E,BOGOTA D.E,10/08/1980 12:00:00 AM,M,,PERDIO CUPO A130/98 ART. 80 LIT. B
PRIMER  SEMESTRE DE 2019,ESTUDIOS A DISTANCIA,TECNOLOGIA EN ELECTRICIDAD,OTRO,DISTANCIA,SANTA FE DE BOGOTA,C,IBAGUÉ,IBAGUÉ,03/03/1975 12:00:00 AM,M,,PERDIO CUPO A130/98 ART. 80 LIT. D
PRIMER  SEMESTRE DE 2019,ESTUDIOS A DISTANCIA,TECNOLOGIA EN ELECTRICIDAD,OTRO,DISTANCIA,SANTA FE DE BOGOTA,C,TUNJA,TUNJA,02/09/1996 12:00:00 AM,M,,PERDIO CUPO A130/98 ART. 80 LIT. D
PRIMER  SEMESTRE DE 2019,ESTUDIOS A DISTANCIA,TECNOLOGIA EN ELECTRICIDAD,OTRO,DISTANCIA,SANTA FE DE BOGOTA,C,BOGOTÁ D.C.,BOGOTA D.E,04/01/1984 12:00:00 AM,M,,PERDIO CUPO A130/98 ART. 80 LIT. C
PRIMER  SEMESTRE DE 2019,ESTUDIOS A DISTANCIA,TECNOLOGIA EN ELECTRICIDAD,OTRO,DISTANCIA,SANTA FE DE BOGOTA,C,LA DORADA,SAMANÁ,08/01/1987 12:00:00 AM,M,,PERDIO CUPO A130/98 ART. 80 LIT. C
PRIMER  SEMESTRE DE 2019,ESTUDIOS A DISTANCIA,TECNOLOGIA EN ELECTRICIDAD,OTRO,DISTANCIA,RIONEGRO,C,COPACABANA,MEDELLÍN,06/28/1969 12:00:00 AM,M,,PERDIO CUPO A130/98 ART. 80 LIT. C
PRIMER  SEMESTRE DE 2019,ESTUDIOS A DISTANCIA,TECNOLOGIA EN ELECTRICIDAD,OTRO,DISTANCIA,YOPAL,C,AGUAZUL,AGUAZUL,09/14/1992 12:00:00 AM,M,,PERDIO CUPO A130/98 ART. 80 LIT. C
PRIMER  SEMESTRE DE 2019,ESTUDIOS A DISTANCIA,TECNOLOGIA EN ELECTRICIDAD,OTRO,DISTANCIA,SANTA FE DE BOGOTA,C,VILLAVICENCIO,PLANADAS,02/09/1991 12:00:00 AM,M,,PERDIO CUPO A130/98 ART. 80 LIT. B
PRIMER  SEMESTRE DE 2019,ESTUDIOS A DISTANCIA,TECNOLOGIA EN ELECTRICIDAD,OTRO,DISTANCIA,SOGAMOSO,C,DUITAMA,SANTA ROSA DE VITERBO,04/26/1986 12:00:00 AM,M,,PERDIO CUPO A130/98 ART. 80 LIT. D
PRIMER  SEMESTRE DE 2019,ESTUDIOS A DISTANCIA,TECNOLOGIA EN ELECTRICIDAD,OTRO,DISTANCIA,TUNJA,C,NEIVA,AMAGÁ,12/16/1992 12:00:00 AM,M,,PERDIO CUPO A130/98 ART. 80 LIT. B
PRIMER  SEMESTRE DE 2019,ESTUDIOS A DISTANCIA,TECNOLOGIA EN ELECTRICIDAD,OTRO,DISTANCIA,TUNJA,C,TUNJA,TUNJA,04/05/1997 12:00:00 AM,M,,PERDIO CUPO A130/98 ART. 80 LIT. B
PRIMER  SEMESTRE DE 2019,ESTUDIOS A DISTANCIA,TECNOLOGIA EN ELECTRICIDAD,OTRO,DISTANCIA,RIONEGRO,C,MEDELLÍN,MEDELLÍN,10/28/1981 12:00:00 AM,M,,PERDIO CUPO A130/98 ART. 80 LIT. B
PRIMER  SEMESTRE DE 2019,ESTUDIOS A DISTANCIA,TECNOLOGIA EN ELECTRICIDAD,OTRO,DISTANCIA,YOPAL,C,BOGOTÁ D.C.,MONTERREY,12/02/1984 12:00:00 AM,M,,PERDIO CUPO A130/98 ART. 80 LIT. B
PRIMER  SEMESTRE DE 2019,ESTUDIOS A DISTANCIA,TECNOLOGIA EN ELECTRICIDAD,OTRO,DISTANCIA,SANTA FE DE BOGOTA,C,BOGOTÁ D.C.,BOGOTÁ D.C.,03/22/2000 12:00:00 AM,M,,PERDIO CUPO A130/98 ART. 80 LIT. B
PRIMER  SEMESTRE DE 2019,ESTUDIOS A DISTANCIA,TECNOLOGIA EN ELECTRICIDAD,OTRO,DISTANCIA,SANTA FE DE BOGOTA,C,BOGOTÁ D.C.,MANIZALES,06/24/1992 12:00:00 AM,M,,PERDIO CUPO A130/98 ART. 80 LIT. B
PRIMER  SEMESTRE DE 2019,ESTUDIOS A DISTANCIA,TECNOLOGIA EN GESTION ADMINISTRATIVA DE SERVICIOS DE SALUD,OTRO,VIRTUAL,SOGAMOSO,C,SOGAMOSO,SOGAMOSO,09/17/1994 12:00:00 AM,F,,PERDIO CUPO A130/98 ART.80 LIT. E
PRIMER  SEMESTRE DE 2019,ESTUDIOS A DISTANCIA,TECNOLOGIA EN GESTION COMERCIAL Y FINANCIERA,OTRO,VIRTUAL,SOGAMOSO,C,SOGAMOSO,SOGAMOSO,12/23/1990 12:00:00 AM,F,,PERDIO CUPO A130/98 ART. 80 LIT. C
PRIMER  SEMESTRE DE 2019,ESTUDIOS A DISTANCIA,TECNOLOGIA EN MAQUINAS Y HERRAMIENTAS,OTRO,DISTANCIA,TUNJA,C,SIMIJACA,CHIQUINQUIRÁ,02/06/1987 12:00:00 AM,M,,PERDIO CUPO A130/98 ART.80 LIT. E
PRIMER  SEMESTRE DE 2019,ESTUDIOS A DISTANCIA,TECNOLOGIA EN MAQUINAS Y HERRAMIENTAS,OTRO,DISTANCIA,TUNJA,C,DUITAMA,BELÉN,01/23/1993 12:00:00 AM,M,,PERDIO CUPO A130/98 ART. 80 LIT. C
PRIMER  SEMESTRE DE 2019,ESTUDIOS A DISTANCIA,TECNOLOGIA EN OBRAS CIVILES,OTRO,DISTANCIA,TUNJA,C,TUNJA,TUNJA,06/11/1999 12:00:00 AM,M,,PERDIO CUPO A130/98 ART. 80 LIT. C
PRIMER  SEMESTRE DE 2019,ESTUDIOS A DISTANCIA,TECNOLOGIA EN OBRAS CIVILES,OTRO,DISTANCIA,SANTA FE DE BOGOTA,C,MAICAO,URIBIA,05/25/1971 12:00:00 AM,M,,PERDIO CUPO A130/98 ART. 80 LIT. C
PRIMER  SEMESTRE DE 2019,ESTUDIOS A DISTANCIA,TECNOLOGIA EN OBRAS CIVILES,OTRO,DISTANCIA,SOGAMOSO,C,SOGAMOSO,SOGAMOSO,11/29/1996 12:00:00 AM,F,,PERDIO CUPO A130/98 ART. 80 LIT. B
PRIMER  SEMESTRE DE 2019,ESTUDIOS A DISTANCIA,TECNOLOGIA EN OBRAS CIVILES,OTRO,DISTANCIA,SANTA FE DE BOGOTA,C,FUSAGASUGÁ,FUSAGASUGÁ,05/18/1996 12:00:00 AM,M,,PERDIO CUPO A130/98 ART. 80 LIT. C
PRIMER  SEMESTRE DE 2019,ESTUDIOS A DISTANCIA,TECNOLOGIA EN OBRAS CIVILES,OTRO,DISTANCIA,TUNJA,C,RAMIRIQUÍ,VILLA DE LEYVA,12/13/1993 12:00:00 AM,M,,PERDIO CUPO A130/98 ART. 80 LIT. C
PRIMER  SEMESTRE DE 2019,ESTUDIOS A DISTANCIA,TECNOLOGIA EN OBRAS CIVILES,OTRO,DISTANCIA,DUITAMA,C,DUITAMA,PAIPA,01/26/1989 12:00:00 AM,M,,PERDIO CUPO A130/98 ART. 80 LIT. C
PRIMER  SEMESTRE DE 2019,ESTUDIOS A DISTANCIA,TECNOLOGIA EN OBRAS CIVILES,OTRO,DISTANCIA,TUNJA,C,TUNJA,TUNJA,11/03/1992 12:00:00 AM,M,,PERDIO CUPO A130/98 ART. 80 LIT. B
PRIMER  SEMESTRE DE 2019,ESTUDIOS A DISTANCIA,TECNOLOGIA EN OBRAS CIVILES,OTRO,DISTANCIA,TUNJA,C,TUNJA,TUNJA,05/01/1998 12:00:00 AM,M,,PERDIO CUPO A130/98 ART. 80 LIT. B
PRIMER  SEMESTRE DE 2019,ESTUDIOS A DISTANCIA,TECNOLOGIA EN OBRAS CIVILES,OTRO,DISTANCIA,TUNJA,C,CHITARAQUE,MONIQUIRÁ,07/13/1995 12:00:00 AM,F,,PERDIO CUPO A130/98 ART. 80 LIT. B
PRIMER  SEMESTRE DE 2019,ESTUDIOS A DISTANCIA,TECNOLOGIA EN OBRAS CIVILES,OTRO,DISTANCIA,TUNJA,C,NUEVO COLÓN,NUEVO COLÓN,10/18/1986 12:00:00 AM,M,,PERDIO CUPO A130/98 ART. 80 LIT. D
PRIMER  SEMESTRE DE 2019,ESTUDIOS A DISTANCIA,TECNOLOGIA EN OBRAS CIVILES,OTRO,DISTANCIA,TUNJA,C,CHOCONTÁ,CHOCONTÁ,09/27/1997 12:00:00 AM,F,,PERDIO CUPO A130/98 ART. 80 LIT. C
PRIMER  SEMESTRE DE 2019,ESTUDIOS A DISTANCIA,TECNOLOGIA EN OBRAS CIVILES,OTRO,DISTANCIA,SANTA FE DE BOGOTA,C,PAZ DE ARIPORO,TAME,07/09/1986 12:00:00 AM,M,,PERDIO CUPO A130/98 ART. 80 LIT. D
PRIMER  SEMESTRE DE 2019,ESTUDIOS A DISTANCIA,TECNOLOGIA EN OBRAS CIVILES,OTRO,DISTANCIA,SANTA FE DE BOGOTA,C,GUADUAS,GUADUAS,02/17/1990 12:00:00 AM,M,,PERDIO CUPO A130/98 ART.80 LIT. E
PRIMER  SEMESTRE DE 2019,ESTUDIOS A DISTANCIA,TECNOLOGIA EN OBRAS CIVILES,OTRO,DISTANCIA,TUNJA,C,TUNJA,TUNJA,06/10/1995 12:00:00 AM,M,,PERDIO CUPO A130/98 ART.80 LIT. E
PRIMER  SEMESTRE DE 2019,ESTUDIOS A DISTANCIA,TECNOLOGIA EN OBRAS CIVILES,OTRO,DISTANCIA,TUNJA,C,TOCA,TUNJA,12/27/1996 12:00:00 AM,M,,PERDIO CUPO A130/98 ART.80 LIT. E
PRIMER  SEMESTRE DE 2019,ESTUDIOS A DISTANCIA,TECNOLOGIA EN OBRAS CIVILES,OTRO,DISTANCIA,TUNJA,C,TUNJA,SOGAMOSO,02/01/1992 12:00:00 AM,M,,PERDIO CUPO A130/98 ART.80 LIT. E
PRIMER  SEMESTRE DE 2019,ESTUDIOS A DISTANCIA,TECNOLOGIA EN OBRAS CIVILES,OTRO,DISTANCIA,TUNJA,C,SAN CARLOS DE GUAROA,BOGOTÁ D.C.,11/01/1996 12:00:00 AM,M,,PERDIO CUPO A130/98 ART. 80 LIT. C
PRIMER  SEMESTRE DE 2019,ESTUDIOS A DISTANCIA,TECNOLOGIA EN OBRAS CIVILES,OTRO,DISTANCIA,CHIQUINQUIRA,C,SABOYÁ,SABOYÁ,01/02/1991 12:00:00 AM,M,,PERDIO CUPO A130/98 ART. 80 LIT. C
PRIMER  SEMESTRE DE 2019,ESTUDIOS A DISTANCIA,TECNOLOGIA EN OBRAS CIVILES,OTRO,DISTANCIA,DUITAMA,C,PAIPA,SARDINATA,05/29/1993 12:00:00 AM,M,,PERDIO CUPO A130/98 ART. 80 LIT. C
PRIMER  SEMESTRE DE 2019,ESTUDIOS A DISTANCIA,TECNOLOGIA EN REGENCIA DE FARMACIA,OTRO,DISTANCIA,RIONEGRO,C,RIONEGRO,RIONEGRO,03/01/1998 12:00:00 AM,M,,PERDIO CUPO A130/98 ART. 80 LIT. B
PRIMER  SEMESTRE DE 2019,ESTUDIOS A DISTANCIA,TECNOLOGIA EN REGENCIA DE FARMACIA,OTRO,DISTANCIA,SANTA FE DE BOGOTA,C,SOACHA,BOGOTÁ D.C.,05/21/1997 12:00:00 AM,M,,PERDIO CUPO A130/98 ART. 80 LIT. C
PRIMER  SEMESTRE DE 2019,ESTUDIOS A DISTANCIA,TECNOLOGIA EN REGENCIA DE FARMACIA,OTRO,DISTANCIA,CHIQUINQUIRA,C,UBATE,UBATE,06/17/1994 12:00:00 AM,F,,PERDIO CUPO A130/98 ART.80 LIT. E
PRIMER  SEMESTRE DE 2019,ESTUDIOS A DISTANCIA,TECNOLOGIA EN REGENCIA DE FARMACIA,OTRO,DISTANCIA,SANTA FE DE BOGOTA,C,BUCARAMANGA,BOGOTÁ D.C.,03/21/1978 12:00:00 AM,M,,PERDIO CUPO A130/98 ART. 80 LIT. B
PRIMER  SEMESTRE DE 2019,ESTUDIOS A DISTANCIA,TECNOLOGIA EN REGENCIA DE FARMACIA,OTRO,DISTANCIA,TUNJA,T,TOCA,TOCA,12/05/2000 12:00:00 AM,M,,PERDIO CUPO A130/98 ART. 80 LIT. B
PRIMER  SEMESTRE DE 2019,ESTUDIOS A DISTANCIA,TECNOLOGIA EN REGENCIA DE FARMACIA,OTRO,DISTANCIA,SANTA FE DE BOGOTA,C,BOGOTÁ D.C.,BOGOTÁ D.C.,12/05/1990 12:00:00 AM,F,,PERDIO CUPO A130/98 ART. 80 LIT. D
PRIMER  SEMESTRE DE 2019,ESTUDIOS A DISTANCIA,TECNOLOGIA EN REGENCIA DE FARMACIA,OTRO,DISTANCIA,SANTA FE DE BOGOTA,C,BOGOTÁ D.C.,BOGOTÁ D.C.,04/21/1998 12:00:00 AM,M,,PERDIO CUPO A130/98 ART. 80 LIT. C
PRIMER  SEMESTRE DE 2019,ESTUDIOS A DISTANCIA,TECNOLOGIA EN REGENCIA DE FARMACIA,OTRO,DISTANCIA,TUNJA,C,SÁCHICA,VILLA DE LEYVA,11/21/2000 12:00:00 AM,F,,PERDIO CUPO A130/98 ART. 80 LIT. C
PRIMER  SEMESTRE DE 2019,ESTUDIOS A DISTANCIA,TECNOLOGIA EN REGENCIA DE FARMACIA,OTRO,DISTANCIA,TUNJA,C,TUNJA,TUNJA,12/28/1994 12:00:00 AM,F,,PERDIO CUPO A130/98 ART. 80 LIT. B
PRIMER  SEMESTRE DE 2019,INGENIERIA,ESPECIALIZACION EN BASES DE DATOS,DIURNO,PRESENCIAL,TUNJA,C,DUITAMA,TUNJA,01/06/1995 12:00:00 AM,M,,PERDIO CUPO A 052/2012  ART 15 LIT.B.
PRIMER  SEMESTRE DE 2019,INGENIERIA,ESPECIALIZACION EN ESTRUCTURAS,OTRO,PRESENCIAL,TUNJA,C,FLORIÁN,FLORIÁN,07/19/1987 12:00:00 AM,M,,PERDIO CUPO A 052/2012  ART 15 LIT.A.
PRIMER  SEMESTRE DE 2019,INGENIERIA,ESPECIALIZACION EN ESTRUCTURAS,OTRO,PRESENCIAL,TUNJA,C,GARAGOA,SAN LUIS DE GACENO,12/12/1976 12:00:00 AM,M,,PERDIO CUPO A 052/2012  ART 15 LIT.A.
PRIMER  SEMESTRE DE 2019,INGENIERIA,INGENIERIA AMBIENTAL,DIURNO,PRESENCIAL,TUNJA,C,SANTA MARÍA,SANTA MARÍA,12/05/1997 12:00:00 AM,F,2,PERDIO CUPO A130/98 ART. 80 LIT. B
PRIMER  SEMESTRE DE 2019,INGENIERIA,INGENIERIA AMBIENTAL,DIURNO,PRESENCIAL,TUNJA,C,DUITAMA,SOGAMOSO,06/15/1993 12:00:00 AM,M,1,PERDIO CUPO A130/98 ART. 80 LIT. B
PRIMER  SEMESTRE DE 2019,INGENIERIA,INGENIERIA AMBIENTAL,DIURNO,PRESENCIAL,TUNJA,C,SUTAMARCHÁN,SUTAMARCHÁN,04/07/1996 12:00:00 AM,M,2,PERDIO CUPO A130/98 ART. 80 LIT. D
PRIMER  SEMESTRE DE 2019,INGENIERIA,INGENIERIA AMBIENTAL,DIURNO,PRESENCIAL,TUNJA,C,BELÉN,BELÉN,10/25/1997 12:00:00 AM,F,1,PERDIO CUPO A130/98 ART.80 LIT. E
PRIMER  SEMESTRE DE 2019,INGENIERIA,INGENIERIA AMBIENTAL,DIURNO,PRESENCIAL,TUNJA,C,TUNJA,TUNJA,11/08/1997 12:00:00 AM,M,2,PERDIO CUPO A130/98 ART.80 LIT. E
PRIMER  SEMESTRE DE 2019,INGENIERIA,INGENIERIA AMBIENTAL,DIURNO,PRESENCIAL,TUNJA,C,TUNJA,ZETAQUIRA,09/01/1999 12:00:00 AM,M,1,PERDIO CUPO A130/98 ART.80 LIT. E
PRIMER  SEMESTRE DE 2019,INGENIERIA,INGENIERIA AMBIENTAL,DIURNO,PRESENCIAL,TUNJA,C,TUNJA,ARAUCA,09/17/1999 12:00:00 AM,M,4,PERDIO CUPO A130/98 ART.80 LIT. E
PRIMER  SEMESTRE DE 2019,INGENIERIA,INGENIERIA AMBIENTAL,DIURNO,PRESENCIAL,TUNJA,C,TUNJA,TUNJA,07/22/1994 12:00:00 AM,M,4,PERDIO CUPO A130/98 ART. 80 LIT. C
PRIMER  SEMESTRE DE 2019,INGENIERIA,INGENIERIA AMBIENTAL,DIURNO,PRESENCIAL,TUNJA,C,TUNJA,DUITAMA,08/07/1996 12:00:00 AM,F,2,PERDIO CUPO A130/98 ART. 80 LIT. C
PRIMER  SEMESTRE DE 2019,INGENIERIA,INGENIERIA AMBIENTAL,DIURNO,PRESENCIAL,TUNJA,T,CERINZA,CERINZA,08/28/2000 12:00:00 AM,M,2,PERDIO CUPO A130/98 ART. 80 LIT. C
PRIMER  SEMESTRE DE 2019,INGENIERIA,INGENIERIA AMBIENTAL,DIURNO,PRESENCIAL,TUNJA,T,CUCAITA,TUNJA,05/21/2000 12:00:00 AM,F,2,PERDIO CUPO A130/98 ART. 80 LIT. C
PRIMER  SEMESTRE DE 2019,INGENIERIA,INGENIERIA AMBIENTAL,DIURNO,PRESENCIAL,TUNJA,C,TUNJA,TUNJA,01/21/1999 12:00:00 AM,M,3,PERDIO CUPO A130/98 ART. 80 LIT. C
PRIMER  SEMESTRE DE 2019,INGENIERIA,INGENIERIA CIVIL,DIURNO,PRESENCIAL,TUNJA,C,TÓPAGA,TÓPAGA,08/24/1992 12:00:00 AM,M,,PERDIO CUPO A130/98 ART. 80 LIT. D
PRIMER  SEMESTRE DE 2019,INGENIERIA,INGENIERIA CIVIL,DIURNO,PRESENCIAL,TUNJA,C,PAIPA,DUITAMA,10/08/1996 12:00:00 AM,M,,PERDIO CUPO A130/98 ART. 80 LIT. B
PRIMER  SEMESTRE DE 2019,INGENIERIA,INGENIERIA CIVIL,DIURNO,PRESENCIAL,TUNJA,C,MÁLAGA,MÁLAGA,09/07/1996 12:00:00 AM,M,1,PERDIO CUPO A130/98 ART. 80 LIT. D
PRIMER  SEMESTRE DE 2019,INGENIERIA,INGENIERIA CIVIL,DIURNO,PRESENCIAL,TUNJA,T,TUNJA,BOGOTÁ D.C.,04/02/2001 12:00:00 AM,M,2,PERDIO CUPO A130/98 ART. 80 LIT. C
PRIMER  SEMESTRE DE 2019,INGENIERIA,INGENIERIA CIVIL,DIURNO,PRESENCIAL,TUNJA,C,BOGOTÁ D.C.,SOGAMOSO,04/25/1999 12:00:00 AM,M,2,PERDIO CUPO A130/98 ART. 80 LIT. D
PRIMER  SEMESTRE DE 2019,INGENIERIA,INGENIERIA CIVIL,DIURNO,PRESENCIAL,TUNJA,C,TUNJA,LA UVITA,11/26/1996 12:00:00 AM,M,3,PERDIO CUPO A130/98 ART. 80 LIT. D
PRIMER  SEMESTRE DE 2019,INGENIERIA,INGENIERIA CIVIL,DIURNO,PRESENCIAL,TUNJA,C,ARAUCA,ARAUQUITA,05/25/1995 12:00:00 AM,M,2,PERDIO CUPO A130/98 ART. 80 LIT. B
PRIMER  SEMESTRE DE 2019,INGENIERIA,INGENIERIA CIVIL,DIURNO,PRESENCIAL,TUNJA,C,DUITAMA,DUITAMA,05/23/1998 12:00:00 AM,M,2,PERDIO CUPO A130/98 ART.80 LIT. E
PRIMER  SEMESTRE DE 2019,INGENIERIA,INGENIERIA DE SISTEMAS Y COMPUTACION,DIURNO,PRESENCIAL,TUNJA,C,PUENTE NACIONAL,PUENTE NACIONAL,03/28/1999 12:00:00 AM,M,1,PERDIO CUPO A130/98 ART. 80 LIT. B
PRIMER  SEMESTRE DE 2019,INGENIERIA,INGENIERIA DE SISTEMAS Y COMPUTACION,DIURNO,PRESENCIAL,SOGAMOSO,C,TOGÜÍ,TOGÜÍ,03/21/1999 12:00:00 AM,M,2,PERDIO CUPO A130/98 ART. 80 LIT. D
PRIMER  SEMESTRE DE 2019,INGENIERIA,INGENIERIA DE SISTEMAS Y COMPUTACION,DIURNO,PRESENCIAL,TUNJA,C,CUCAITA,TUNJA,02/25/1993 12:00:00 AM,M,,PERDIO CUPO A130/98 ART.80 LIT. E
PRIMER  SEMESTRE DE 2019,INGENIERIA,INGENIERIA DE SISTEMAS Y COMPUTACION,DIURNO,PRESENCIAL,TUNJA,C,TUNJA,BARRANCABERMEJA,02/14/2000 12:00:00 AM,M,3,PERDIO CUPO A130/98 ART. 80 LIT. C
PRIMER  SEMESTRE DE 2019,INGENIERIA,INGENIERIA DE SISTEMAS Y COMPUTACION,DIURNO,PRESENCIAL,TUNJA,C,CERINZA,SOGAMOSO,10/29/1998 12:00:00 AM,M,1,PERDIO CUPO A130/98 ART. 80 LIT. C
PRIMER  SEMESTRE DE 2019,INGENIERIA,INGENIERIA DE SISTEMAS Y COMPUTACION,DIURNO,PRESENCIAL,SOGAMOSO,T,GAMEZA,GAMEZA,07/27/2000 12:00:00 AM,M,2,PERDIO CUPO A130/98 ART. 80 LIT. C
PRIMER  SEMESTRE DE 2019,INGENIERIA,INGENIERIA DE SISTEMAS Y COMPUTACION,DIURNO,PRESENCIAL,TUNJA,C,TUNJA,TUNJA,12/13/2000 12:00:00 AM,M,3,PERDIO CUPO A130/98 ART.80 LIT. E
PRIMER  SEMESTRE DE 2019,INGENIERIA,INGENIERIA DE SISTEMAS Y COMPUTACION,DIURNO,PRESENCIAL,SOGAMOSO,C,PAIPA,PAIPA,05/30/2000 12:00:00 AM,F,2,PERDIO CUPO A130/98 ART. 80 LIT. C
PRIMER  SEMESTRE DE 2019,INGENIERIA,INGENIERIA DE SISTEMAS Y COMPUTACION,DIURNO,PRESENCIAL,TUNJA,C,PAZ DE RÍO,PAZ DE RÍO,10/12/1994 12:00:00 AM,M,1,PERDIO CUPO A130/98 ART.80 LIT. E
PRIMER  SEMESTRE DE 2019,INGENIERIA,INGENIERIA DE SISTEMAS Y COMPUTACION,DIURNO,PRESENCIAL,TUNJA,C,TUNJA,TUNJA,07/13/1994 12:00:00 AM,M,3,PERDIO CUPO A130/98 ART.80 LIT. E
PRIMER  SEMESTRE DE 2019,INGENIERIA,INGENIERIA DE SISTEMAS Y COMPUTACION,DIURNO,PRESENCIAL,TUNJA,C,MIRAFLORES,TUNJA,08/04/1999 12:00:00 AM,M,2,PERDIO CUPO A130/98 ART. 80 LIT. B
PRIMER  SEMESTRE DE 2019,INGENIERIA,INGENIERIA DE SISTEMAS Y COMPUTACION,DIURNO,PRESENCIAL,TUNJA,C,TUNJA,TUNJA,10/27/1995 12:00:00 AM,M,2,PERDIO CUPO A130/98 ART.80 LIT. E
PRIMER  SEMESTRE DE 2019,INGENIERIA,INGENIERIA DE SISTEMAS Y COMPUTACION,DIURNO,PRESENCIAL,TUNJA,C,TUNJA,TAME,03/02/1999 12:00:00 AM,M,1,PERDIO CUPO A130/98 ART.80 LIT. E
PRIMER  SEMESTRE DE 2019,INGENIERIA,INGENIERIA DE SISTEMAS Y COMPUTACION,DIURNO,PRESENCIAL,TUNJA,T,RAMIRIQUÍ,RAMIRIQUÍ,03/10/2001 12:00:00 AM,M,2,PERDIO CUPO A130/98 ART. 80 LIT. B
PRIMER  SEMESTRE DE 2019,INGENIERIA,INGENIERIA DE TRANSPORTE Y VIAS,DIURNO,PRESENCIAL,TUNJA,C,TUNJA,TUNJA,03/10/1994 12:00:00 AM,M,2,PERDIO CUPO A130/98 ART.80 LIT. E
PRIMER  SEMESTRE DE 2019,INGENIERIA,INGENIERIA DE TRANSPORTE Y VIAS,DIURNO,PRESENCIAL,TUNJA,C,VILLAVICENCIO,VILLAVICENCIO,06/09/1998 12:00:00 AM,M,3,PERDIO CUPO A130/98 ART.80 LIT. E
PRIMER  SEMESTRE DE 2019,INGENIERIA,INGENIERIA DE TRANSPORTE Y VIAS,DIURNO,PRESENCIAL,TUNJA,C,PAIPA,DUITAMA,05/27/1995 12:00:00 AM,F,2,PERDIO CUPO A130/98 ART.80 LIT. E
PRIMER  SEMESTRE DE 2019,INGENIERIA,INGENIERIA DE TRANSPORTE Y VIAS,DIURNO,PRESENCIAL,TUNJA,C,DUITAMA,DUITAMA,06/07/1994 12:00:00 AM,F,,PERDIO CUPO A130/98 ART.80 LIT. E
PRIMER  SEMESTRE DE 2019,INGENIERIA,INGENIERIA DE TRANSPORTE Y VIAS,DIURNO,PRESENCIAL,TUNJA,C,SOGAMOSO,MONGUA,12/29/1992 12:00:00 AM,F,,PERDIO CUPO A130/98 ART.80 LIT. E
PRIMER  SEMESTRE DE 2019,INGENIERIA,INGENIERIA DE TRANSPORTE Y VIAS,DIURNO,PRESENCIAL,TUNJA,C,BOGOTÁ D.C.,BOGOTÁ D.C.,12/26/1990 12:00:00 AM,F,,PERDIO CUPO A130/98 ART. 80 LIT. D
PRIMER  SEMESTRE DE 2019,INGENIERIA,INGENIERIA DE TRANSPORTE Y VIAS,DIURNO,PRESENCIAL,TUNJA,C,TUNJA,MONIQUIRÁ,05/17/1987 12:00:00 AM,M,,PERDIO CUPO A130/98 ART.80 LIT. E
PRIMER  SEMESTRE DE 2019,INGENIERIA,INGENIERIA DE TRANSPORTE Y VIAS,DIURNO,PRESENCIAL,TUNJA,C,TUNJA,ESPINAL,03/31/1998 12:00:00 AM,M,3,PERDIO CUPO A130/98 ART.80 LIT. E
PRIMER  SEMESTRE DE 2019,INGENIERIA,INGENIERIA DE TRANSPORTE Y VIAS,DIURNO,PRESENCIAL,TUNJA,C,SOGAMOSO,SOGAMOSO,07/09/1985 12:00:00 AM,M,,PERDIO CUPO A130/98 ART.80 LIT. E
PRIMER  SEMESTRE DE 2019,INGENIERIA,INGENIERIA DE TRANSPORTE Y VIAS,DIURNO,PRESENCIAL,TUNJA,C,CHÍQUIZA,TUNJA,11/19/1993 12:00:00 AM,M,1,PERDIO CUPO A130/98 ART. 80 LIT. D
PRIMER  SEMESTRE DE 2019,INGENIERIA,INGENIERIA DE TRANSPORTE Y VIAS,DIURNO,PRESENCIAL,TUNJA,C,TUNJA,SOGAMOSO,04/02/1996 12:00:00 AM,F,,PERDIO CUPO A130/98 ART. 80 LIT. C
PRIMER  SEMESTRE DE 2019,INGENIERIA,INGENIERIA METALURGICA,DIURNO,PRESENCIAL,TUNJA,C,BELÉN,SANTA ROSA DE VITERBO,11/20/1999 12:00:00 AM,M,1,PERDIO CUPO A130/98 ART. 80 LIT. C
PRIMER  SEMESTRE DE 2019,INGENIERIA,INGENIERIA METALURGICA,DIURNO,PRESENCIAL,TUNJA,C,TUNJA,TUNJA,08/31/1999 12:00:00 AM,M,1,PERDIO CUPO A130/98 ART. 80 LIT. B
PRIMER  SEMESTRE DE 2019,INGENIERIA,INGENIERIA METALURGICA,DIURNO,PRESENCIAL,TUNJA,C,DUITAMA,DUITAMA,09/29/1999 12:00:00 AM,M,1,PERDIO CUPO A130/98 ART. 80 LIT. C
PRIMER  SEMESTRE DE 2019,INGENIERIA,INGENIERIA METALURGICA,DIURNO,PRESENCIAL,TUNJA,T,SIACHOQUE,SIACHOQUE,07/05/2001 12:00:00 AM,M,1,PERDIO CUPO A130/98 ART. 80 LIT. C
PRIMER  SEMESTRE DE 2019,INGENIERIA,INGENIERIA METALURGICA,DIURNO,PRESENCIAL,TUNJA,C,YOPAL,YOPAL,11/12/1997 12:00:00 AM,F,2,PERDIO CUPO A130/98 ART. 80 LIT. B
PRIMER  SEMESTRE DE 2019,INGENIERIA,MAESTRIA EN GEOTECNIA,DIURNO,PRESENCIAL,TUNJA,C,DUITAMA,SOCOTÁ,04/28/1980 12:00:00 AM,M,,PERDIO CUPO A 052/2012  ART 15 LIT.A.
PRIMER  SEMESTRE DE 2019,INGENIERIA,MAESTRIA EN GEOTECNIA,DIURNO,PRESENCIAL,TUNJA,C,VALLEDUPAR,VALLEDUPAR,12/26/1992 12:00:00 AM,M,,PERDIO CUPO A 052/2012  ART 15 LIT.A.
PRIMER  SEMESTRE DE 2019,SECCIONAL CHIQUINQUIRA,ADMINISTRACION DE EMPRESAS,NOCTURNO,PRESENCIAL,CHIQUINQUIRA,C,COPER,CHIQUINQUIRÁ,01/17/2000 12:00:00 AM,M,1,PERDIO CUPO A130/98 ART. 80 LIT. D
PRIMER  SEMESTRE DE 2019,SECCIONAL CHIQUINQUIRA,ADMINISTRACION DE EMPRESAS,NOCTURNO,PRESENCIAL,CHIQUINQUIRA,C,RIVERA,NEIVA,09/01/1991 12:00:00 AM,M,2,PERDIO CUPO A130/98 ART. 80 LIT. B
PRIMER  SEMESTRE DE 2019,SECCIONAL CHIQUINQUIRA,ADMINISTRACION DE EMPRESAS,NOCTURNO,PRESENCIAL,CHIQUINQUIRA,C,PUENTE NACIONAL,PUENTE NACIONAL,10/24/1993 12:00:00 AM,M,2,PERDIO CUPO A130/98 ART.80 LIT. E
PRIMER  SEMESTRE DE 2019,SECCIONAL CHIQUINQUIRA,CONTADURIA PUBLICA,NOCTURNO,PRESENCIAL,CHIQUINQUIRA,C,CHIQUINQUIRÁ,CHIQUINQUIRÁ,04/04/1998 12:00:00 AM,F,1,PERDIO CUPO A130/98 ART.80 LIT. E
PRIMER  SEMESTRE DE 2019,SECCIONAL CHIQUINQUIRA,CONTADURIA PUBLICA,NOCTURNO,PRESENCIAL,CHIQUINQUIRA,C,SIMIJACA,CHIQUINQUIRÁ,03/04/1997 12:00:00 AM,F,2,PERDIO CUPO A130/98 ART. 80 LIT. D
PRIMER  SEMESTRE DE 2019,SECCIONAL DUITAMA,ADMINISTRACION DE EMPRESAS AGROPECUARIAS,DIURNO,PRESENCIAL,DUITAMA,C,DUITAMA,DUITAMA,02/27/1995 12:00:00 AM,M,2,PERDIO CUPO A130/98 ART. 80 LIT. C
PRIMER  SEMESTRE DE 2019,SECCIONAL DUITAMA,ADMINISTRACION DE EMPRESAS AGROPECUARIAS,DIURNO,PRESENCIAL,DUITAMA,C,SOGAMOSO,SOGAMOSO,01/11/1996 12:00:00 AM,M,2,PERDIO CUPO A130/98 ART. 80 LIT. D
PRIMER  SEMESTRE DE 2019,SECCIONAL DUITAMA,ADMINISTRACION DE EMPRESAS AGROPECUARIAS,DIURNO,PRESENCIAL,DUITAMA,C,PAIPA,PAIPA,04/12/1998 12:00:00 AM,F,2,PERDIO CUPO A130/98 ART. 80 LIT. C
PRIMER  SEMESTRE DE 2019,SECCIONAL DUITAMA,ADMINISTRACION DE EMPRESAS AGROPECUARIAS,DIURNO,PRESENCIAL,DUITAMA,C,CERINZA,PAIPA,04/29/1996 12:00:00 AM,M,1,PERDIO CUPO A130/98 ART. 80 LIT. D
PRIMER  SEMESTRE DE 2019,SECCIONAL DUITAMA,ADMINISTRACION INDUSTRIAL,DIURNO,PRESENCIAL,DUITAMA,C,AGUAZUL,YOPAL,06/11/1999 12:00:00 AM,F,2,PERDIO CUPO A130/98 ART. 80 LIT. B
PRIMER  SEMESTRE DE 2019,SECCIONAL DUITAMA,ADMINISTRACION INDUSTRIAL,DIURNO,PRESENCIAL,DUITAMA,C,DUITAMA,DUITAMA,08/28/1995 12:00:00 AM,M,1,PERDIO CUPO A130/98 ART. 80 LIT. C
PRIMER  SEMESTRE DE 2019,SECCIONAL DUITAMA,ADMINISTRACION INDUSTRIAL,DIURNO,PRESENCIAL,DUITAMA,C,DUITAMA,FUSAGASUGÁ,01/24/1997 12:00:00 AM,M,2,PERDIO CUPO A130/98 ART. 80 LIT. C
PRIMER  SEMESTRE DE 2019,SECCIONAL DUITAMA,ADMINISTRACION TURISTICA Y HOTELERA,DIURNO,PRESENCIAL,DUITAMA,C,NOBSA,NOBSA,04/07/1998 12:00:00 AM,F,2,PERDIO CUPO A130/98 ART. 80 LIT. D
PRIMER  SEMESTRE DE 2019,SECCIONAL DUITAMA,DISEÑO INDUSTRIAL,DIURNO,PRESENCIAL,DUITAMA,C,TUNJA,TUNJA,12/07/1996 12:00:00 AM,M,1,PERDIO CUPO A130/98 ART. 80 LIT. D
PRIMER  SEMESTRE DE 2019,SECCIONAL DUITAMA,DISEÑO INDUSTRIAL,DIURNO,PRESENCIAL,DUITAMA,C,SOGAMOSO,SOGAMOSO,09/18/1995 12:00:00 AM,F,2,PERDIO CUPO A130/98 ART. 80 LIT. D
PRIMER  SEMESTRE DE 2019,SECCIONAL DUITAMA,INGENIERIA ELECTROMECANICA,DIURNO,PRESENCIAL,DUITAMA,C,VILLAVICENCIO,VILLAVICENCIO,06/07/1997 12:00:00 AM,M,1,PERDIO CUPO A130/98 ART.80 LIT. E
PRIMER  SEMESTRE DE 2019,SECCIONAL DUITAMA,INGENIERIA ELECTROMECANICA,DIURNO,PRESENCIAL,DUITAMA,C,TIBASOSA,CERINZA,10/16/1994 12:00:00 AM,M,3,PERDIO CUPO A130/98 ART.80 LIT. E
PRIMER  SEMESTRE DE 2019,SECCIONAL DUITAMA,INGENIERIA ELECTROMECANICA,DIURNO,PRESENCIAL,DUITAMA,T,DUITAMA,BOGOTA D.E,09/17/2000 12:00:00 AM,M,1,PERDIO CUPO A130/98 ART. 80 LIT. C
PRIMER  SEMESTRE DE 2019,SECCIONAL DUITAMA,INGENIERIA ELECTROMECANICA,DIURNO,PRESENCIAL,DUITAMA,C,DUITAMA,TUNJA,04/19/1998 12:00:00 AM,M,1,PERDIO CUPO A130/98 ART. 80 LIT. C
PRIMER  SEMESTRE DE 2019,SECCIONAL DUITAMA,INGENIERIA ELECTROMECANICA,DIURNO,PRESENCIAL,DUITAMA,C,DUITAMA,DUITAMA,04/13/1998 12:00:00 AM,M,2,PERDIO CUPO A130/98 ART. 80 LIT. B
PRIMER  SEMESTRE DE 2019,SECCIONAL DUITAMA,INGENIERIA ELECTROMECANICA,DIURNO,PRESENCIAL,DUITAMA,C,DUITAMA,DUITAMA,03/22/1986 12:00:00 AM,M,,PERDIO CUPO A130/98 ART.80 LIT. E
PRIMER  SEMESTRE DE 2019,SECCIONAL DUITAMA,INGENIERIA ELECTROMECANICA,DIURNO,PRESENCIAL,DUITAMA,C,SANTA ROSA DE VITERBO,AQUITANIA,06/14/1998 12:00:00 AM,M,2,PERDIO CUPO A130/98 ART.80 LIT. E
PRIMER  SEMESTRE DE 2019,SECCIONAL DUITAMA,INGENIERIA ELECTROMECANICA,DIURNO,PRESENCIAL,DUITAMA,C,PAIPA,DUITAMA,06/16/1998 12:00:00 AM,M,2,PERDIO CUPO A130/98 ART. 80 LIT. D
PRIMER  SEMESTRE DE 2019,SECCIONAL DUITAMA,INGENIERIA ELECTROMECANICA,DIURNO,PRESENCIAL,DUITAMA,C,DUITAMA,DUITAMA,02/07/1997 12:00:00 AM,M,1,PERDIO CUPO A130/98 ART. 80 LIT. D
PRIMER  SEMESTRE DE 2019,SECCIONAL DUITAMA,INGENIERIA ELECTROMECANICA,DIURNO,PRESENCIAL,DUITAMA,C,PAIPA,YOPAL,02/17/1999 12:00:00 AM,M,2,PERDIO CUPO A130/98 ART. 80 LIT. D
PRIMER  SEMESTRE DE 2019,SECCIONAL DUITAMA,INGENIERIA ELECTROMECANICA,DIURNO,PRESENCIAL,DUITAMA,C,DUITAMA,CARTAGO,05/14/2000 12:00:00 AM,M,1,PERDIO CUPO A130/98 ART.80 LIT. E
PRIMER  SEMESTRE DE 2019,SECCIONAL DUITAMA,INGENIERIA ELECTROMECANICA,DIURNO,PRESENCIAL,DUITAMA,C,NEIVA,NEIVA,01/11/1986 12:00:00 AM,M,2,PERDIO CUPO A130/98 ART. 80 LIT. C
PRIMER  SEMESTRE DE 2019,SECCIONAL DUITAMA,LICENCIATURA EN MATEMATICAS,DIURNO,PRESENCIAL,DUITAMA,C,DUITAMA,SOGAMOSO,02/29/2000 12:00:00 AM,F,2,PERDIO CUPO A130/98 ART. 80 LIT. C
PRIMER  SEMESTRE DE 2019,SECCIONAL DUITAMA,LICENCIATURA EN MATEMATICAS,DIURNO,PRESENCIAL,DUITAMA,C,PAIPA,PAIPA,02/05/1998 12:00:00 AM,F,2,PERDIO CUPO A130/98 ART. 80 LIT. C
PRIMER  SEMESTRE DE 2019,SECCIONAL DUITAMA,LICENCIATURA EN MATEMATICAS Y ESTADISTICA,,PRESENCIAL,DUITAMA,C,FIRAVITOBA,FIRAVITOBA,08/09/1996 12:00:00 AM,M,1,PERDIO CUPO A130/98 ART.80 LIT. E
PRIMER  SEMESTRE DE 2019,SECCIONAL DUITAMA,LICENCIATURA EN MATEMATICAS Y ESTADISTICA,,PRESENCIAL,DUITAMA,C,DUITAMA,NOBSA,01/27/1992 12:00:00 AM,M,,PERDIO CUPO A130/98 ART.80 LIT. E
PRIMER  SEMESTRE DE 2019,SECCIONAL DUITAMA,LICENCIATURA EN TECNOLOGIA,DIURNO,PRESENCIAL,DUITAMA,C,DUITAMA,DUITAMA,12/31/1999 12:00:00 AM,F,2,PERDIO CUPO A130/98 ART. 80 LIT. D
PRIMER  SEMESTRE DE 2019,SECCIONAL DUITAMA,LICENCIATURA EN TECNOLOGIA,DIURNO,PRESENCIAL,DUITAMA,C,TUNJA,BUCARAMANGA,11/17/1997 12:00:00 AM,F,2,PERDIO CUPO A130/98 ART. 80 LIT. C
PRIMER  SEMESTRE DE 2019,SECCIONAL DUITAMA,LICENCIATURA EN TECNOLOGIA,DIURNO,PRESENCIAL,DUITAMA,C,DUITAMA,DUITAMA,11/23/1998 12:00:00 AM,M,1,PERDIO CUPO A130/98 ART.80 LIT. E
PRIMER  SEMESTRE DE 2019,SECCIONAL DUITAMA,LICENCIATURA EN TECNOLOGIA,DIURNO,PRESENCIAL,DUITAMA,C,TIBASOSA,DUITAMA,02/05/1998 12:00:00 AM,M,2,PERDIO CUPO A130/98 ART. 80 LIT. C
PRIMER  SEMESTRE DE 2019,SECCIONAL SOGAMOSO,ADMINISTRACION DE EMPRESAS,,PRESENCIAL,SOGAMOSO,C,SOGAMOSO,SOGAMOSO,06/24/1994 12:00:00 AM,M,2,PERDIO CUPO A130/98 ART. 80 LIT. B
PRIMER  SEMESTRE DE 2019,SECCIONAL SOGAMOSO,ADMINISTRACION DE EMPRESAS,,PRESENCIAL,SOGAMOSO,C,SOGAMOSO,SOGAMOSO,06/06/1999 12:00:00 AM,F,2,PERDIO CUPO A130/98 ART. 80 LIT. C
PRIMER  SEMESTRE DE 2019,SECCIONAL SOGAMOSO,ADMINISTRACION DE EMPRESAS,,PRESENCIAL,SOGAMOSO,C,SOGAMOSO,BARRANQUILLA,11/19/1998 12:00:00 AM,M,3,PERDIO CUPO A130/98 ART.80 LIT. E
PRIMER  SEMESTRE DE 2019,SECCIONAL SOGAMOSO,CONTADURIA PUBLICA,DIURNO,PRESENCIAL,SOGAMOSO,C,SOGAMOSO,BOGOTA D.E,04/08/1998 12:00:00 AM,M,1,PERDIO CUPO A130/98 ART. 80 LIT. D
PRIMER  SEMESTRE DE 2019,SECCIONAL SOGAMOSO,CONTADURIA PUBLICA,DIURNO,PRESENCIAL,SOGAMOSO,C,NOBSA,NOBSA,10/02/1998 12:00:00 AM,M,2,PERDIO CUPO A130/98 ART. 80 LIT. D
PRIMER  SEMESTRE DE 2019,SECCIONAL SOGAMOSO,ESPECIALIZACION EN GEOTECNIA VIAL,OTRO,PRESENCIAL,SOGAMOSO,C,NOBSA,NOBSA,10/18/1988 12:00:00 AM,M,,PERDIO CUPO A 052/2012  ART 15 LIT.A.
PRIMER  SEMESTRE DE 2019,SECCIONAL SOGAMOSO,FINANZAS Y COMERCIO INTERNACIONAL,,PRESENCIAL,SOGAMOSO,C,SOGAMOSO,SOGAMOSO,08/18/1997 12:00:00 AM,M,2,PERDIO CUPO A130/98 ART. 80 LIT. B
PRIMER  SEMESTRE DE 2019,SECCIONAL SOGAMOSO,INGENIERIA ELECTRONICA,DIURNO,PRESENCIAL,TUNJA,C,ARCABUCO,TUNJA,12/03/1996 12:00:00 AM,M,2,PERDIO CUPO A130/98 ART. 80 LIT. C
PRIMER  SEMESTRE DE 2019,SECCIONAL SOGAMOSO,INGENIERIA ELECTRONICA,DIURNO,PRESENCIAL,TUNJA,C,MIRAFLORES,MIRAFLORES,05/24/1998 12:00:00 AM,M,1,PERDIO CUPO A130/98 ART. 80 LIT. C
PRIMER  SEMESTRE DE 2019,SECCIONAL SOGAMOSO,INGENIERIA ELECTRONICA,DIURNO,PRESENCIAL,SOGAMOSO,C,SOGAMOSO,SOGAMOSO,10/13/1999 12:00:00 AM,M,1,PERDIO CUPO A130/98 ART. 80 LIT. C
PRIMER  SEMESTRE DE 2019,SECCIONAL SOGAMOSO,INGENIERIA ELECTRONICA,DIURNO,PRESENCIAL,TUNJA,C,NUEVO COLÓN,TUNJA,11/23/2000 12:00:00 AM,M,1,PERDIO CUPO A130/98 ART. 80 LIT. C
PRIMER  SEMESTRE DE 2019,SECCIONAL SOGAMOSO,INGENIERIA ELECTRONICA,DIURNO,PRESENCIAL,TUNJA,C,TUNJA,TUNJA,09/15/1996 12:00:00 AM,M,1,PERDIO CUPO A130/98 ART. 80 LIT. D
PRIMER  SEMESTRE DE 2019,SECCIONAL SOGAMOSO,INGENIERIA ELECTRONICA,DIURNO,PRESENCIAL,SOGAMOSO,T,SOGAMOSO,SOGAMOSO,03/15/1999 12:00:00 AM,M,2,PERDIO CUPO A130/98 ART. 80 LIT. C
PRIMER  SEMESTRE DE 2019,SECCIONAL SOGAMOSO,INGENIERIA ELECTRONICA,DIURNO,PRESENCIAL,TUNJA,C,TUNJA,TUNJA,06/16/1991 12:00:00 AM,M,1,PERDIO CUPO A130/98 ART. 80 LIT. D
PRIMER  SEMESTRE DE 2019,SECCIONAL SOGAMOSO,INGENIERIA ELECTRONICA,DIURNO,PRESENCIAL,TUNJA,T,SAMACÁ,SAMACÁ,05/11/2001 12:00:00 AM,M,2,PERDIO CUPO A130/98 ART. 80 LIT. C
PRIMER  SEMESTRE DE 2019,SECCIONAL SOGAMOSO,INGENIERIA ELECTRONICA,DIURNO,PRESENCIAL,TUNJA,C,TUNJA,TUNJA,10/17/1993 12:00:00 AM,M,,PERDIO CUPO A130/98 ART.80 LIT. E
PRIMER  SEMESTRE DE 2019,SECCIONAL SOGAMOSO,INGENIERIA ELECTRONICA,DIURNO,PRESENCIAL,TUNJA,T,SOGAMOSO,SOGAMOSO,04/21/2000 12:00:00 AM,M,1,PERDIO CUPO A130/98 ART. 80 LIT. B
PRIMER  SEMESTRE DE 2019,SECCIONAL SOGAMOSO,INGENIERIA GEOLOGICA,DIURNO,PRESENCIAL,SOGAMOSO,C,BECERRIL,AGUSTÍN CODAZZI,01/19/1995 12:00:00 AM,M,1,PERDIO CUPO A130/98 ART. 80 LIT. C
PRIMER  SEMESTRE DE 2019,SECCIONAL SOGAMOSO,INGENIERIA INDUSTRIAL,DIURNO,PRESENCIAL,SOGAMOSO,C,SOGAMOSO,SANTA ROSA DE VITERBO,01/23/1993 12:00:00 AM,M,2,PERDIO CUPO A130/98 ART. 80 LIT. B
PRIMER  SEMESTRE DE 2019,SECCIONAL SOGAMOSO,INGENIERIA INDUSTRIAL,DIURNO,PRESENCIAL,SOGAMOSO,C,BELÉN,SOGAMOSO,07/14/1995 12:00:00 AM,M,1,PERDIO CUPO A130/98 ART.80 LIT. E
PRIMER  SEMESTRE DE 2019,SECCIONAL SOGAMOSO,MAESTRIA EN ADMINISTRACION,OTRO,PRESENCIAL,SOGAMOSO,C,DUITAMA,DUITAMA,08/03/1991 12:00:00 AM,M,,PERDIO CUPO A 052/2012  ART 15 LIT.B.
PRIMER  SEMESTRE DE 2019,SECCIONAL SOGAMOSO,"MAESTRIA EN SEGURIDAD Y SALUD EN EL TRABAJO, ENFASIS EN HIGIENE Y SEGURIDAD INDUSTRIAL",OTRO,PRESENCIAL,SOGAMOSO,C,SOGAMOSO,SOGAMOSO,08/16/1978 12:00:00 AM,F,,PERDIO CUPO A 052/2012  ART 15 LIT.A.
